seed,seed_eligible,exclusion_reason,algorithm,radius_index,step_radius,arm_admissible,hit_capability,steps,moving_fibre_action,wrong_moving_fibre_action,moving_fisher_length,wrong_moving_fisher_length,cumulative_retraction_fisher_length,cumulative_retraction_norm,cumulative_tangent_proposal_norm,cumulative_retraction_to_tangent_ratio,cumulative_pre_retraction_response_error,left_trapezoid_relative_change,wrong_left_trapezoid_relative_change,max_moving_kernel_residual,max_step_principal_angle_rad,max_source_principal_angle_rad,fibre_rotation_signal,max_rowspace_angle_from_source_rad,max_rowspace_projector_distance_normalized,rowspace_rotation_signal,max_response_relative_error,max_retraction_step_ratio,median_discrete_tangent_residual,max_metric_condition,min_metric_effective_rank
73726,True,,adam,0,0.08,True,True,6,0.42614870382647335,0.2344834845764026,0.4460814371705055,0.26895085349678993,0.0020670444185585117,0.005207242938922718,0.3736823536455631,0.013934944714734313,0.0009827303219935857,0.008430200839642224,0.01095092565940114,2.083413974673931e-08,0.06928013265132904,0.1038394421339035,True,0.7026862502098083,0.10042241215705872,True,2.782443857540784e-07,0.019456593729550525,0.01387128233909607,109.32288360595703,8
73726,True,,adam,1,0.04,True,True,12,0.42597949149543257,0.20692682574068808,0.4468069188296795,0.24263108731247485,0.0010237032862449673,0.003195561572056249,0.35078362049534917,0.009109779890930276,0.0004979147148560514,0.0035883050112400674,0.008562309877331427,2.0588005966715173e-08,0.06475324183702469,0.10436541587114334,True,0.6982772946357727,0.09988600015640259,True,2.659344602307101e-07,0.02103417750363808,0.006487199570983648,110.15455627441406,8
73726,True,,adam,2,0.02,True,True,23,0.4241408360472387,0.20462704590228997,0.44528581481426954,0.24049941496923566,0.0007071368186898165,0.002046488916448652,0.33229870861396194,0.006158582213529151,0.0003491466319474057,0.0015883425185162945,0.007396009183852529,2.1921682247239005e-08,0.05990058556199074,0.10425322502851486,True,0.6984129548072815,0.09970156103372574,True,2.755817263278004e-07,0.023058547873871443,0.003860065946355462,110.4417495727539,8
73726,True,,adam,3,0.01,True,True,45,0.42267800519447757,0.20992705474596102,0.44533612043596804,0.248575160629116,0.00038633886629815345,0.001148808959442249,0.32697427039965987,0.0035134536978645523,0.0001917348974984634,0.0008962319442838746,0.0020335255854898,2.299526791205153e-08,0.05991949886083603,0.10484778136014938,True,0.698803722858429,0.0993153303861618,True,3.120426015357225e-07,0.023774450143298126,0.002061427803710103,110.25886535644531,8
73726,True,,normalized_sgd,0,0.08,True,True,6,0.3844924215295538,0.0810796316346444,0.4102639160118997,0.09302746457979083,0.0022706702631256964,0.004643781605409458,0.164896703325212,0.02816176134371174,0.001118510274864093,0.005684028081607513,0.010415239702171598,2.1468157029858048e-08,0.0689651295542717,0.10434196144342422,True,0.7647128105163574,0.1035236120223999,True,4.613929149854812e-07,0.04715476913036689,0.025921481661498547,104.60572052001953,8
73726,True,,normalized_sgd,1,0.04,True,True,11,0.382655091626558,0.08035271734945897,0.4108275123871863,0.09293601557146758,0.0010417473709287029,0.0024302601714225602,0.16483291238546371,0.014743779845006732,0.0005039636228048039,0.0027098449633016827,0.005507743413544248,2.1078324863310627e-08,0.06503450125455856,0.10390611737966537,True,0.7639638185501099,0.10337948799133301,True,2.812343495861569e-07,0.0326885045360143,0.01315197255462408,109.29750061035156,8
73726,True,,normalized_sgd,2,0.02,True,True,21,0.38329684498883426,0.08060346177656462,0.41072922199964523,0.09305072587449104,0.0007992757501605691,0.0018276757227795315,0.1648203912191093,0.011088893244706912,0.00038505575025737926,0.0013785485920930506,0.00295623710685094,2.0233439812500364e-08,0.05904115363955498,0.10393025726079941,True,0.7670487761497498,0.10335765779018402,True,3.2364570756726607e-07,0.04122286354520621,0.0070559014566242695,108.8144760131836,8
73726,True,,normalized_sgd,3,0.01,True,True,42,0.3836458714039023,0.08055094939195896,0.41067920639761724,0.09302131269214442,0.000476030412236668,0.0011813104126758844,0.1648015360115096,0.007168078898205067,0.0002406460624229112,0.0006730029571438383,0.0016171016166465822,2.0922975352277717e-08,0.05530799925327301,0.10394001752138138,True,0.7672117948532104,0.10336226969957352,True,3.009198508152622e-07,0.031884842986461166,0.005306157516315579,109.39631652832031,8
73726,True,,normalized_momentum,0,0.08,True,True,6,0.3843846680802968,0.08103193459086368,0.41018742229789495,0.09298787370789796,0.0022717312877052523,0.004644212041966966,0.16490050172433257,0.028163722932333993,0.0011196776945325837,0.00561612290476776,0.010585320976759401,1.991867293327232e-08,0.0689651295542717,0.1037842184305191,True,0.7647093534469604,0.10339456051588058,True,4.613929149854812e-07,0.04715476913036689,0.02598628867417574,104.60572052001953,8
73726,True,,normalized_momentum,1,0.04,True,True,11,0.3826544116631256,0.08034436939588574,0.41079210257157683,0.09292093594558537,0.0010443938165827405,0.0024343965205844142,0.1648331549949944,0.014768852301943388,0.000505415164752776,0.0027451733954332387,0.005549205594247298,2.1255738502645727e-08,0.06503450125455856,0.1038980707526207,True,0.7639795541763306,0.10337118804454803,True,2.5924944679900364e-07,0.0326885045360143,0.013210859149694443,109.29750061035156,8
73726,True,,normalized_momentum,2,0.02,True,True,21,0.3832583483268624,0.08056445626348631,0.4106705114245415,0.09298849175684154,0.0007988406536906935,0.001822669752073125,0.1648158053867519,0.01105882865903608,0.0003843540125672007,0.0013814009654755791,0.0029218963258305372,2.0476223383525394e-08,0.05897849053144455,0.10390956699848175,True,0.7670465111732483,0.103360116481781,True,2.8930978146490816e-07,0.0413501503289341,0.0070077539421617985,108.81439971923828,8
73726,True,,normalized_momentum,3,0.01,True,True,42,0.3836027741182828,0.0805277055912981,0.41063968621892855,0.09299322556034895,0.00047716869943088423,0.0011829981597202277,0.16479463686118834,0.007178620507636447,0.00024095247081845628,0.0006732894859800664,0.0016381759981073044,2.102426321926032e-08,0.05527348443865776,0.10394404083490372,True,0.7672233581542969,0.10336781293153763,True,2.645865890826826e-07,0.031881045395443904,0.005285215796902776,109.39492797851562,8
73726,True,,sign_gradient,0,0.08,True,True,6,0.4416762541011714,0.3860710323908664,0.4626174755394459,0.4493507295846939,0.0021909866547443102,0.005388985417084768,0.4447012096643448,0.012118216231415945,0.0010197766023338772,0.00768023660023798,0.015415219011587258,1.8603012463813684e-08,0.06929045170545578,0.10512477159500122,True,0.7029807567596436,0.10019105672836304,True,2.695093144211569e-07,0.017970994813952233,0.01223451504483819,109.32310485839844,8
73726,True,,sign_gradient,1,0.04,True,True,12,0.4413597002296344,0.3794189558270215,0.4621349899098277,0.44227078557014465,0.001024191062901471,0.0031545162564725615,0.4468462895601988,0.007059510910513195,0.0005126742571519571,0.0020879925004937214,0.008652548130129311,1.88265847356206e-08,0.06471085548400879,0.10707834362983704,True,0.7667738795280457,0.10349781066179276,True,2.6329502134103677e-07,0.01514280258724914,0.006518934154883027,110.96639251708984,8
73726,True,,sign_gradient,2,0.02,True,True,24,0.44168809458886277,0.3766964973858398,0.46506461105309427,0.4457275331951678,0.0006925386409827383,0.002053212268037896,0.44644100731238723,0.004599067367037827,0.0003419317766031327,0.002094211195592487,0.004546814702948589,2.0514461240850324e-08,0.06025300920009613,0.10698181390762329,True,0.700590193271637,0.09928139299154282,True,2.9831582537553913e-07,0.013523599415672029,0.002507546916604042,110.98816680908203,8
73726,True,,sign_gradient,3,0.01,True,True,47,0.44424584262049777,0.37876415319359746,0.46665123780258,0.446666510310024,0.0003784021920676324,0.0012380318619307218,0.4462670385837555,0.0027741951676728367,0.00019260324052083888,0.001073860826466405,0.0014870512596614832,2.135714538553657e-08,0.06053544208407402,0.10734125971794128,True,0.7321529388427734,0.10111674666404724,True,2.7622206744126743e-07,0.012602235464229578,0.0016887697856873274,109.71270751953125,8
73726,True,,natural_gradient,0,0.08,True,True,5,0.3602662155412333,0.2207056514944468,0.3783102612942457,0.25399191677570343,0.004001448779625294,0.006350861745886505,0.5334620475769043,0.011904992632059658,0.0017808770789997652,0.011733662121119336,0.004742108802190676,1.9869853318255082e-08,0.07011716812849045,0.0966649055480957,True,0.7450446486473083,0.10716025531291962,True,4.1497335701023985e-07,0.02203606143539641,0.008818714879453182,101.793701171875,8
73726,True,,natural_gradient,1,0.04,True,True,10,0.36083440785329807,0.2240425862201495,0.3778604008257389,0.2563800089992583,0.0019428393639926201,0.0036993280264141504,0.5296143535524607,0.006984946691116663,0.0009009898121803417,0.00628288464541371,0.0021854863236226156,2.16461906177301e-08,0.06669538468122482,0.09943648427724838,True,0.7736557722091675,0.10867112129926682,True,3.6587394447451516e-07,0.01765280497316188,0.0061356190126389265,103.87481689453125,8
73726,True,,natural_gradient,2,0.02,True,True,19,0.3601921042568661,0.21655947088203426,0.37752941623330116,0.2493081814609468,0.000954732369864198,0.002396393207163783,0.5330906752496958,0.004495282544646518,0.0004917775904687005,0.0028689323877413814,0.002086426467916947,1.978055763629527e-08,0.06158255785703659,0.09936140477657318,True,0.7740342617034912,0.10871966928243637,True,3.383123896583129e-07,0.010460206357921758,0.004128443542867899,107.5842056274414,8
73726,True,,natural_gradient,3,0.01,True,True,38,0.3609666727415578,0.2149154827362617,0.377309046452865,0.24660081998445094,0.0006770756724779226,0.0016495393954301107,0.5295047350227833,0.0031152495649715674,0.00037232658144148445,0.0015392446125136758,0.0004731191895361387,2.1950823381189366e-08,0.05636852979660034,0.0950651615858078,True,0.7753146886825562,0.10693307220935822,True,3.125487069155497e-07,0.01771320543727221,0.0025553727755323052,107.667236328125,8
73726,True,,wrong_fisher_natural_gradient,0,0.08,True,True,6,0.3889857215659274,0.06971693592418221,0.4177029812708497,0.08076347387395799,0.0021824567945584344,0.004693171271355823,0.19355725776404142,0.024246940288217434,0.000999838983261725,0.006276094154533337,0.008214649044755995,2.0848521131711095e-08,0.0753113403916359,0.10313667356967926,True,0.765066385269165,0.10349535197019577,True,2.7443476824373647e-07,0.0369093667020685,0.024091110564768314,106.4105224609375,8
73726,True,,wrong_fisher_natural_gradient,1,0.04,True,True,11,0.389817795616549,0.07021386626618974,0.4183449037373066,0.08067939442116767,0.0010351961142891792,0.00290849789234926,0.19307788461446762,0.015063858287845162,0.0005085406473881449,0.0031281443385357487,0.004392661940430102,2.0822376711748802e-08,0.06532458961009979,0.10324139893054962,True,0.7665765285491943,0.10346893966197968,True,2.771157880943065e-07,0.024815067280701895,0.015974463894963264,108.71023559570312,8
73726,True,,wrong_fisher_natural_gradient,2,0.02,True,True,21,0.39063911394882705,0.07030100537599356,0.41822782158851624,0.08074971835594624,0.0007443556940238432,0.0019382710806894465,0.1931380908936262,0.010035674846537545,0.00035499286354934156,0.0015916063584753457,0.00260080175301281,2.1757569967917334e-08,0.05967913940548897,0.10325238853693008,True,0.7665879726409912,0.103474460542202,True,2.890381551878818e-07,0.027804508231491203,0.007412706036120653,108.9364242553711,8
73726,True,,wrong_fisher_natural_gradient,3,0.01,True,True,42,0.39109954526166485,0.07050551161554512,0.41823965264484286,0.08080944552784786,0.00035662006750761824,0.0010144791854145296,0.19303619069978595,0.0052553833648337454,0.00019300929324117533,0.0007870441370143905,0.0013450106260261309,2.2972184154923525e-08,0.05604492127895355,0.10344536602497101,True,0.7667874693870544,0.1034652516245842,True,2.5923947077899356e-07,0.017203274697038598,0.0035616180393844843,109.62898254394531,8
73727,True,,adam,0,0.08,True,True,11,0.8019817716015359,0.5254678273537393,0.8732013739645481,0.5749697387218475,0.0019527467307548798,0.006675714103039354,0.6413273736834526,0.01040921435287801,0.001140847809438128,0.0014076088844239137,0.0014129765404777618,1.9052295741062153e-08,0.03822261840105057,0.11083093285560608,True,0.4560316503047943,0.126598060131073,True,3.291124528459477e-07,0.013940499907155726,0.010400831699371338,197.76116943359375,8
73727,True,,adam,1,0.04,True,True,22,0.7963775863940421,0.4175577343188309,0.8675865437835455,0.45576404221355915,0.0013445939782287407,0.004564204831694951,0.6042512394487858,0.007553488571837339,0.0007869841451793036,0.0003725631041126677,0.002406632085592863,1.9034397169548356e-08,0.03075324185192585,0.11055304855108261,True,0.4477936029434204,0.1237306296825409,True,3.2617927558931115e-07,0.012680459694269092,0.007530284579843283,197.76116943359375,8
73727,True,,adam,2,0.02,True,True,44,0.7942501313979455,0.3418288973646607,0.8662823012564331,0.37366627098526806,0.0007186466337515858,0.0026924375056296412,0.5899449586868286,0.004563879165308569,0.00046682804156716884,0.00021472428519925705,0.0018474902995670726,1.989278075598122e-08,0.030733849853277206,0.10707555711269379,True,0.4451766610145569,0.12339077144861221,True,3.1781647180650907e-07,0.014767354150329159,0.00414646603167057,197.76116943359375,8
73727,True,,adam,3,0.01,True,True,87,0.7911870352678865,0.3103466202058845,0.8640313993673772,0.34037688391981646,0.00044014890293338834,0.0016292243324187439,0.5902764755301178,0.0027601037818008314,0.0002770282613937525,7.515490936442838e-05,0.0010302599299005586,2.0127842503825377e-08,0.02620239555835724,0.10738575458526611,True,0.4482559263706207,0.1242605596780777,True,3.102852019765123e-07,0.009524569962003142,0.00210851663723588,197.76116943359375,8
73727,True,,normalized_sgd,0,0.08,True,True,11,0.7800151242091249,0.11078881159585525,0.8418552950024605,0.1207498605363071,0.0018877236842782196,0.0065894492727238685,0.32032711431384087,0.02057100063739171,0.0011443199655332137,7.050275163367918e-05,0.011428516595660819,1.9266311213073095e-08,0.04518503323197365,0.10514011234045029,True,0.5449513792991638,0.12666885554790497,True,3.216291588614695e-07,0.030952178374927523,0.01978287100791931,197.76116943359375,8
73727,True,,normalized_sgd,1,0.04,True,True,22,0.7803457235516985,0.11105680937926389,0.8417309226933867,0.1209384396643145,0.0011779757608324172,0.004283026152734237,0.3202367798658088,0.013374560394121455,0.0007280943716523325,6.42471326766088e-05,0.005637640858076769,1.9115672600378275e-08,0.04496147483587265,0.10515090823173523,True,0.5618300437927246,0.1266728639602661,True,3.1158751312432287e-07,0.02416644187159149,0.014405121561139822,197.76116943359375,8
73727,True,,normalized_sgd,2,0.02,True,True,43,0.7797532595943991,0.11092787127294809,0.8418060735566542,0.12087694759247825,0.000707290856677026,0.0026693807683386694,0.3202048043021932,0.008336479442136795,0.00044507670173743463,3.809337914614329e-05,0.002785618325724315,2.104904872624047e-08,0.04026149958372116,0.1051878109574318,True,0.5620617270469666,0.1266668438911438,True,3.4011279126389127e-07,0.01936517952103651,0.008785662241280079,197.76116943359375,8
73727,True,,normalized_sgd,3,0.01,True,True,85,0.7793016707850383,0.11088460830557079,0.8418340921634808,0.12086973260738887,0.0004419601186179579,0.0015745632799735176,0.3201930688228458,0.0049175432989921495,0.00027441582204801307,2.5028523314556302e-05,0.001382811310891123,2.0010208601206614e-08,0.0307842418551445,0.10523492097854614,True,0.56206214427948,0.12666885554790497,True,3.3137462196464185e-07,0.019530844006661476,0.004227788653224707,197.76116943359375,8
73727,True,,normalized_momentum,0,0.08,True,True,11,0.7801880687584591,0.11099990308635074,0.8420856483280659,0.12100593652576208,0.0018924660156671128,0.006576449377462268,0.32031676545739174,0.0205310807508671,0.0011467198164609727,6.095040488146971e-05,0.011545173109762306,1.9467268685957606e-08,0.045429810881614685,0.10515601933002472,True,0.5468606948852539,0.126673623919487,True,3.151980081383954e-07,0.030985394815205684,0.019783928990364075,197.76116943359375,8
73727,True,,normalized_momentum,1,0.04,True,True,22,0.7806106053604084,0.1111436476612606,0.8419624819653109,0.12103258197021205,0.0011896589403376115,0.0042756873090183944,0.3202258836245164,0.013352097777429784,0.0007265201409154542,5.372411240946503e-05,0.005572359616264116,2.1281691076069364e-08,0.04492697864770889,0.10515601933002472,True,0.5618636012077332,0.1266738772392273,True,3.299415141100326e-07,0.02413989585260182,0.014333760365843773,197.76116943359375,8
73727,True,,normalized_momentum,2,0.02,True,True,43,0.7799448900337143,0.11096670855069182,0.8419805418234318,0.12091524303832557,0.0007121006318836126,0.002679863624734935,0.3201787340804003,0.008369898870491482,0.0004458591816387525,3.786452033721309e-05,0.0027943013814035558,1.9621763769350764e-08,0.040222980082035065,0.10518724471330643,True,0.5620663166046143,0.12667036056518555,True,3.3283572520304006e-07,0.019239697075317468,0.008437302894890308,197.76116943359375,8
73727,True,,normalized_momentum,3,0.01,True,True,85,0.7794235405901454,0.11088782368205556,0.8419306498253718,0.1208687584294239,0.00043497303967750576,0.0016314680758569011,0.3201468964689411,0.005095998411514126,0.0002751381357768423,2.4688706830972047e-05,0.0013846262028266692,2.166460610908416e-08,0.03072415105998516,0.10519518703222275,True,0.5620670318603516,0.12668491899967194,True,3.07087105966275e-07,0.01962928136097535,0.00462141539901495,197.76116943359375,8
73727,True,,sign_gradient,0,0.08,True,True,12,0.8158876007427442,0.809926863698491,0.8892670958302915,0.8837447906844318,0.0022092884069962863,0.0077897248356748605,0.8824633043259382,0.008827250716815893,0.0013152606366020336,0.0008426357391550449,0.001233139456561177,1.9902214987155276e-08,0.04422204568982124,0.1063104197382927,True,0.45468854904174805,0.12339283525943756,True,2.973021082652849e-07,0.013940123822994203,0.008215731708332896,197.76116943359375,8
73727,True,,sign_gradient,1,0.04,True,True,23,0.8056658141676317,0.782154672312014,0.8812618324300274,0.8589642084552906,0.0015358443076274688,0.0053122552722015826,0.8768592674750835,0.006058275790935327,0.0009126171411821815,0.00025707910832017174,0.0004853661984605864,1.889852363490263e-08,0.030799729749560356,0.10503271967172623,True,0.455599308013916,0.12392625212669373,True,2.921092914220935e-07,0.013254169925160727,0.005697283893823624,197.76116943359375,8
73727,True,,sign_gradient,2,0.02,True,True,44,0.8044742555483626,0.7968137818914329,0.879998667165637,0.8771125171333551,0.0008817131635170039,0.0030067989837334608,0.8794852439314127,0.0034188168641609957,0.0005381512067970107,0.00029023670079800457,0.00012079218078065513,2.0359928853963538e-08,0.03072803094983101,0.10417930036783218,True,0.4531647562980652,0.12136305868625641,True,3.0756990554436925e-07,0.013736264724080311,0.0030660185730084777,197.76116943359375,8
73727,True,,sign_gradient,3,0.01,True,True,88,0.8021440436708793,0.792079823585,0.8794946391135454,0.8716367781162262,0.0004573879144944746,0.0017922768034850378,0.8775368463248014,0.0020423949273369484,0.0003004087026852176,3.393671528555178e-05,2.8000130365267375e-05,2.0805956069125386e-08,0.027792206034064293,0.10306021571159363,True,0.45278626680374146,0.12236449122428894,True,3.439697024987254e-07,0.012129674056025323,0.0013393330154940486,197.76116943359375,8
73727,True,,natural_gradient,0,0.08,True,True,9,0.6180594354198183,0.47639842880975847,0.6920411642640829,0.528746223077178,0.0027148429164963015,0.009044225269462913,1.332053929567337,0.006789684012568889,0.0016873186032171361,0.0005591559773185668,0.005153087008734742,1.843636532328219e-08,0.04393528401851654,0.10705491900444031,True,0.47023287415504456,0.15004399418830872,True,3.0638571502095147e-07,0.011813310146160093,0.005882601719349623,197.76116943359375,8
73727,True,,natural_gradient,1,0.04,True,True,18,0.6199774079688364,0.5332038437151758,0.6931941919028759,0.5915180097799748,0.0018879932085177494,0.006448161229855032,1.3357722610235214,0.004827290862376642,0.0011287967927273712,2.8642548460570144e-05,0.0011465046768430883,1.86652844291757e-08,0.037278201431035995,0.10723717510700226,True,0.46008729934692383,0.1493261754512787,True,2.970643606658996e-07,0.010427117080773126,0.004116747993975878,197.76116943359375,8
73727,True,,natural_gradient,2,0.02,True,True,35,0.620208825989954,0.500772858339912,0.6929793329909444,0.5560382627882063,0.0011415962979858941,0.003963995007325138,1.3188834358006716,0.003005568877221257,0.0006952878379706817,0.00025913999788344187,0.0008716754068244783,1.9644073034896792e-08,0.03545188158750534,0.10680975764989853,True,0.46188417077064514,0.14908626675605774,True,3.08545423877149e-07,0.008061826881772994,0.0027124397456645966,197.76116943359375,8
73727,True,,natural_gradient,3,0.01,True,True,70,0.6198715015304566,0.4966166735891598,0.6928690100321546,0.5510083870613016,0.0007861355263289129,0.0028578090295923175,1.315376764163375,0.002172616323666005,0.0005065768707197549,5.754707583900498e-05,0.0003098138899166964,2.0901801178752066e-08,0.02925923652946949,0.10522697120904922,True,0.45751941204071045,0.1485646516084671,True,3.411527984553686e-07,0.006701646240730689,0.002097198972478509,197.76116943359375,8
73727,True,,wrong_fisher_natural_gradient,0,0.08,True,True,11,0.775212379570476,0.09535421989205733,0.8404393903911114,0.1038746100384742,0.0017142367054978605,0.005776592042820994,0.3606360163539648,0.016017790184192974,0.0009888693421089556,0.0008846215162160214,0.012373839070954424,1.8774697352341718e-08,0.04757370427250862,0.10501622408628464,True,0.4530693292617798,0.12098448723554611,True,3.1979223535927304e-07,0.021389384076801157,0.01770205982029438,197.76116943359375,8
73727,True,,wrong_fisher_natural_gradient,1,0.04,True,True,22,0.7742967355099549,0.09505045056065468,0.8408805475337431,0.10380301726399921,0.0012357662209184549,0.004065088427523733,0.36035391921177506,0.01128082202190435,0.0006948763726200013,0.0005267907759444757,0.0060339601607439204,1.9160903974579924e-08,0.03995528444647789,0.1047360897064209,True,0.45665058493614197,0.12113521993160248,True,3.028456490028475e-07,0.02028143795286237,0.01153926458209753,197.76116943359375,8
73727,True,,wrong_fisher_natural_gradient,2,0.02,True,True,43,0.7747321589498958,0.09522913525589048,0.8412160645821132,0.1038778351212386,0.0007666043875161311,0.0027877463598997565,0.3603630897705443,0.0077359375558546,0.00045903360239663016,0.0002484501045595462,0.003045886460803895,2.2249263764706484e-08,0.028568554669618607,0.10567942261695862,True,0.4531424343585968,0.12116670608520508,True,3.089277527124068e-07,0.017668160476960678,0.007606049999594688,197.76116943359375,8
73727,True,,wrong_fisher_natural_gradient,3,0.01,True,True,85,0.7751192822610408,0.09531849229328777,0.8412665067589842,0.10392564621724887,0.00041173706829237655,0.001572442999759005,0.3602917300304398,0.004364360513149038,0.0002586963200030823,0.00013342678814037633,0.00151149445317022,2.2260008947228016e-08,0.028589414432644844,0.10597116500139236,True,0.45670077204704285,0.12124250829219818,True,3.260591086018394e-07,0.016982246914642788,0.003416811116039753,197.76116943359375,8
73728,True,,adam,0,0.08,True,True,7,0.4840144478883731,0.4218336231364198,0.533235739916563,0.4727286621928215,0.0007706391245351209,0.0030579780868720263,0.42196890339255333,0.00724692758704833,0.0006958422491152305,0.002765825711998621,0.007053835322785367,1.8113858857304876e-08,0.03943561390042305,0.06750257313251495,True,0.493122398853302,0.08209245651960373,True,3.1632498576072976e-07,0.013308584548511264,0.006083504296839237,376.1173095703125,8
73728,True,,adam,1,0.04,True,True,14,0.4826249011300194,0.36979292286303733,0.5322629017755389,0.41322724241763353,0.00042415646824632525,0.0017146238387795165,0.3997528674080968,0.004289209605666452,0.00039067288980731973,0.0008597208320737254,0.002666437861027206,1.780238356730024e-08,0.030788114294409752,0.0702565535902977,True,0.49396559596061707,0.08507684618234634,True,2.979192572638567e-07,0.009334573179407089,0.0032142028212547302,376.1173095703125,8
73728,True,,adam,2,0.02,True,True,27,0.47766757078585637,0.3504616067035034,0.5282979845069349,0.394196837907657,0.00026511037884932364,0.0011771823278650118,0.388467850163579,0.0030303211124661023,0.000265821390939891,0.0003572170649126675,0.0018320653053567888,1.821235606769278e-08,0.02366834692656994,0.0700584352016449,True,0.4931136965751648,0.08506040275096893,True,3.0474970458271855e-07,0.011379527064803862,0.0021190354600548744,376.1173095703125,8
73728,True,,adam,3,0.01,True,True,53,0.47405885817892257,0.33817703033953433,0.5247664076741785,0.380591033725068,0.0001824615045334009,0.0008136261371873843,0.38021497102454305,0.002139910837795139,0.00017930394147924744,0.00022184618072220542,0.001003226129061482,1.9335622880589654e-08,0.026381513103842735,0.06950363516807556,True,0.492506206035614,0.08515565097332001,True,3.1403340017277515e-07,0.013367419188953449,0.0010113040916621685,376.1173095703125,8
73728,True,,normalized_sgd,0,0.08,True,True,7,0.4750798900074189,0.04871255145219231,0.5172734595835209,0.05524833616800606,0.0006147017963606806,0.002537134787417017,0.1949487179517746,0.013014370210142342,0.0005742775010730838,0.0007984142530029633,0.0008527306300313706,1.728824017277475e-08,0.0343327559530735,0.06578408926725388,True,0.46483176946640015,0.08601773530244827,True,2.7488007958709204e-07,0.02067564292231799,0.011024028062820435,376.1173095703125,8
73728,True,,normalized_sgd,1,0.04,True,True,13,0.47604049580373436,0.04889122171000162,0.5173818413168192,0.0551817798987031,0.0003544132330396709,0.0015452496863872511,0.19493595138192177,0.007926961011721087,0.00034012319838439,0.0008935550355150918,0.0008587610069714125,1.8076637076092084e-08,0.027807217091321945,0.06582850217819214,True,0.4648313522338867,0.08600553870201111,True,3.1154456792137353e-07,0.015675128958051787,0.0072509958408772945,376.1173095703125,8
73728,True,,normalized_sgd,2,0.02,True,True,26,0.47603204782985986,0.048817040129092694,0.517398476600647,0.055017210775986314,0.00022172631143664034,0.0010397725995971996,0.19493094645440578,0.005334056077342248,0.00023045125033149816,0.00041466279877037265,0.0003354381983765747,1.889168466107094e-08,0.024948425590991974,0.06617282330989838,True,0.4648383855819702,0.08602549135684967,True,3.071251626352023e-07,0.017954618528451934,0.005741798551753163,376.1173095703125,8
73728,True,,normalized_sgd,3,0.01,True,True,52,0.4764374395519526,0.04888229972031209,0.5174123956821859,0.055086211941670626,0.0001355953026439893,0.0005964619124370074,0.19492888799868524,0.003059894911220293,0.00012666629640989413,0.0002219875179749445,0.0001567591578525092,1.9301284126527207e-08,0.02476857602596283,0.0661638155579567,True,0.4648463726043701,0.08602622896432877,True,3.1123659027798567e-07,0.013564940676939563,0.0012023383169434965,376.1173095703125,8
73728,True,,normalized_momentum,0,0.08,True,True,7,0.4751780391238657,0.048880794662348494,0.5173489898443222,0.0553920678794384,0.00061383614621802,0.0025357209669891745,0.19491094537079334,0.013009638643767732,0.0005736805214837659,0.0008168240926887302,0.0007510290865148945,1.777130798075177e-08,0.034396942704916,0.0657387375831604,True,0.4648459851741791,0.08602290600538254,True,2.905966880462074e-07,0.02068224873351965,0.010902546346187592,376.1173095703125,8
73728,True,,normalized_momentum,1,0.04,True,True,13,0.47607766120907086,0.04889161894303902,0.5174577478319407,0.05515861511230469,0.0003529045704975918,0.00154650963122549,0.19488854426890612,0.007935354215030848,0.0003404783183214022,0.0008980638183662868,0.0008208272950476181,1.7481118774753668e-08,0.02784791775047779,0.06577230244874954,True,0.46484705805778503,0.08601181954145432,True,3.1154456792137353e-07,0.015804838974431946,0.007217258680611849,376.1173095703125,8
73728,True,,normalized_momentum,2,0.02,True,True,26,0.47606309393637414,0.04880009940162902,0.5174370156601071,0.05499748734291643,0.00022034739707942524,0.0010370528043495142,0.1948815593495965,0.005321451695125003,0.0002296426865768808,0.0004161866555356237,0.00035472303545487833,1.791825177122064e-08,0.024821467697620392,0.06611781567335129,True,0.46484026312828064,0.08601218461990356,True,2.910538796641049e-07,0.017909421146686623,0.005703602219000459,376.1173095703125,8
73728,True,,normalized_momentum,3,0.01,True,True,52,0.4764818521181278,0.0487678413774354,0.5174500597640872,0.05494780125445686,0.00013331722094839097,0.0005907990578180033,0.19488013512454927,0.003031602258693117,0.0001253121768058918,0.0002241665802200997,0.00017521643945261529,1.8932015066752683e-08,0.02479022741317749,0.0661475881934166,True,0.46484705805778503,0.08601661771535873,True,3.004389839134092e-07,0.013320946562936272,0.001074830419383943,376.1173095703125,8
73728,True,,sign_gradient,0,0.08,True,True,8,0.5214553835712159,0.4615223161705566,0.570097163785249,0.5204420643858612,0.0010175171741739937,0.003787754467339255,0.5387049736455083,0.00703122238079013,0.0008912231751310173,0.0011104927189709843,0.00361163506860417,1.864878740320819e-08,0.03822261840105057,0.07388215512037277,True,0.4936990439891815,0.09049490839242935,True,3.2031621799433196e-07,0.01220760324762482,0.0053584754932671785,376.1173095703125,8
73728,True,,sign_gradient,1,0.04,True,True,14,0.4837531385478061,0.466112768528956,0.532970180734992,0.5260544293560088,0.0006629159303697019,0.0027158238278843783,0.5336943101137877,0.005088725467778257,0.0005959173032579201,0.0007048416649425109,0.004941466635311968,1.800038518240399e-08,0.03139021620154381,0.06907662004232407,True,0.490023672580719,0.08584941923618317,True,3.1604884043190395e-07,0.01182387329326473,0.0042272096034139395,376.1173095703125,8
73728,True,,sign_gradient,2,0.02,True,True,28,0.49372276864052367,0.46285171831025385,0.544843495124951,0.524812497664243,0.0003022996589550005,0.001297790053740755,0.5363415535539389,0.0024197081974000707,0.0002878695634080941,0.00038801765467080427,0.0023713670846200316,1.7887488823475906e-08,0.023818980902433395,0.07062072306871414,True,0.49036917090415955,0.08725464344024658,True,3.0695659347657056e-07,0.010387877259596225,0.0020625998731702566,376.1173095703125,8
73728,True,,sign_gradient,3,0.01,True,True,55,0.4945928755375515,0.45906472396856635,0.5454187085852027,0.52014887961559,0.00020470978157989512,0.000868911971565467,0.5362683837302029,0.0016202931180120015,0.00019326667688801535,9.773440674399783e-05,0.0011046079623329489,1.905837621052342e-08,0.028568554669618607,0.07076333463191986,True,0.49025994539260864,0.08729434758424759,True,3.0959057539803325e-07,0.01058265310107699,0.00056569988373667,376.1173095703125,8
73728,True,,natural_gradient,0,0.08,True,True,5,0.2797292032754417,1.6274522946094556,0.3813375234603882,2.0841320231556892,0.0026967510748728747,0.007725609844783321,1.4225326925516129,0.005430883863151017,0.002019700245000422,0.007098886343121593,0.033122401521879195,1.8863023143467217e-08,0.03859669715166092,0.08369594067335129,True,0.5336042046546936,0.1287616640329361,True,3.307042106825975e-07,0.006955321036173259,0.005601244047284126,376.1173095703125,8
73728,True,,natural_gradient,1,0.04,True,True,10,0.28316685273594266,1.4579948245815881,0.38485362101346254,1.8425911171361804,0.0017266000887708015,0.005234436539467424,1.3577763326466084,0.003855153763996123,0.0012366331311568501,0.003878974611039106,0.017853660260828758,1.811257632766683e-08,0.03192875161767006,0.0799533948302269,True,0.4999057650566101,0.12295124679803848,True,2.910376224463107e-07,0.0061919482089028465,0.003380919457413256,383.593505859375,8
73728,True,,natural_gradient,2,0.02,True,True,20,0.2821144014414319,1.4649655161683972,0.3830088980321307,1.873526218230836,0.0008980019552593769,0.0030316347229017993,1.354933848080691,0.002237478034220055,0.0006850863724707779,0.0015081262831492075,0.008601489850190406,1.83004438270018e-08,0.03189699351787567,0.07981821149587631,True,0.4990880787372589,0.12326575815677643,True,2.9523306466217036e-07,0.005606903180484926,0.0020866490667685866,385.7337341308594,8
73728,True,,natural_gradient,3,0.01,True,True,39,0.2830838073135709,1.4501250457931445,0.38349849125370383,1.8521897685714066,0.0005591751390877823,0.0021675116640835768,1.3481569490395486,0.001607759145274407,0.000475781109912532,0.0007397933938101502,0.0039054519715979214,1.8058720741009893e-08,0.02509375289082527,0.07967603951692581,True,0.49893689155578613,0.12289901077747345,True,2.894215356263885e-07,0.004055438933827343,0.00127345509827137,385.75799560546875,8
73728,True,,wrong_fisher_natural_gradient,0,0.08,True,True,7,0.5006665531256388,0.03597483824326511,0.5440093241631985,0.040871137054637074,0.0007158033527196987,0.00307344549219124,0.23436836525797844,0.01311373866011387,0.0006156740091682877,0.0015511307861664561,0.004844998636556075,1.8290627679107274e-08,0.043237634003162384,0.07592517137527466,True,0.493657648563385,0.0923086628317833,True,3.273490563060477e-07,0.02842539983300649,0.011649106629192829,376.1173095703125,8
73728,True,,wrong_fisher_natural_gradient,1,0.04,True,True,14,0.5008483881775575,0.03609320128240525,0.544057734310627,0.04088862898061052,0.0004443102931318648,0.002031168703979347,0.23433696571737528,0.008667726398868971,0.000406905767704302,0.0008850945572183636,0.0027125023312425263,1.943915250990358e-08,0.039162538945674896,0.07592988014221191,True,0.4936647117137909,0.09231692552566528,True,2.86827912532317e-07,0.025225898238721532,0.006151140900328755,376.1173095703125,8
73728,True,,wrong_fisher_natural_gradient,2,0.02,True,True,28,0.5013473349865472,0.03615051298272262,0.5440640840679407,0.040918137616245076,0.00023811259993583459,0.0010903704232987366,0.23426545620895922,0.00465442255526633,0.00023163193432651497,0.00047325270256525257,0.00149123437831302,1.815371852842418e-08,0.0393008291721344,0.07595580071210861,True,0.4936501085758209,0.09233413636684418,True,2.9609651619466604e-07,0.016625545991526484,0.002635979326441884,376.1173095703125,8
73728,True,,wrong_fisher_natural_gradient,3,0.01,True,True,55,0.5013188221144513,0.03612054737875094,0.5440517470706254,0.04090300644747913,0.00017106174543186618,0.0007493543805594527,0.23429273278452456,0.003198368005927962,0.0001551193471982515,0.0002448864008150705,0.0007422521583960619,1.8658612432886912e-08,0.03926895558834076,0.07592517137527466,True,0.4936566650867462,0.09232725948095322,True,3.1651595122639264e-07,0.03375776995207144,0.001723638502880931,376.1173095703125,8
73729,True,,adam,0,0.08,True,True,9,0.5274725685984203,0.39597080121351486,0.6450802716426551,0.5295397606678307,0.0010350554787630696,0.003319859421253568,0.5518568875268102,0.006015797748093311,0.0006530309240133647,0.01668157624320305,0.029577214908988014,1.855993225774455e-08,0.046030886471271515,0.08875670284032822,True,0.574554979801178,0.10095690935850143,True,2.5962413019442465e-07,0.014036250308485125,0.004187373910099268,193.66627502441406,8
73729,True,,adam,1,0.04,True,True,17,0.5231573009218429,0.3821638604643402,0.6487621613778174,0.5178990340791643,0.0005872244139514298,0.001896445554393722,0.521092333830893,0.003639365677195251,0.0003716651004879168,0.009624314594098115,0.014679484532875028,1.8521063793741632e-08,0.03062698245048523,0.08851294964551926,True,0.5772635340690613,0.09917247295379639,True,2.6620341486705e-07,0.008532974751261848,0.003378521651029587,191.70852661132812,8
73729,True,,adam,2,0.02,True,True,33,0.5265056331443038,0.37069300348680717,0.654627890791744,0.5068749827332795,0.0004401997473491802,0.0016701972081136773,0.5092205721884966,0.003279909138265187,0.0003056177545204264,0.004772641896100172,0.007313417437090224,1.945940653058642e-08,0.030640602111816406,0.08686315268278122,True,0.5743807554244995,0.09891538321971893,True,2.9996192552061984e-07,0.014962013768643232,0.002376819960772991,190.1582489013672,8
73729,True,,adam,3,0.01,True,True,66,0.5299595263036144,0.3633935175413476,0.6587071851827204,0.5011902989353985,0.00026534896832280486,0.0009422088104429349,0.508933215867728,0.0018513407674452427,0.0001766066429240709,0.002373597271295806,0.003753604212778883,2.0612635154293457e-08,0.02892935648560524,0.08852912485599518,True,0.5749981999397278,0.10013488680124283,True,2.8746072189278493e-07,0.01362364634405982,0.0009742780530359596,191.35891723632812,8
73729,True,,normalized_sgd,0,0.08,True,True,9,0.5576419168584045,0.06486277804272178,0.6572039416059852,0.08797060267534107,0.0009536076016373764,0.003018145378518966,0.2512192069552839,0.012013991346832748,0.0005578692932886042,0.011206223160882482,0.03206912660065715,1.7578274835727825e-08,0.041605882346630096,0.08695242553949356,True,0.5658758282661438,0.09430176019668579,True,2.761614439350524e-07,0.02142763841279972,0.008854717947542667,193.4361114501953,8
73729,True,,normalized_sgd,1,0.04,True,True,17,0.5582181862693657,0.06471949693391747,0.6571216210722923,0.08775782596785575,0.000617292426876998,0.002135769867891213,0.2511808988638222,0.008502915140251652,0.000381661160645308,0.005620488692841534,0.015943809265424057,1.949219452512807e-08,0.03200707584619522,0.08763404935598373,True,0.5669249296188354,0.09434321522712708,True,2.8856035783064726e-07,0.021816335055652527,0.005330580752342939,193.47830200195312,8
73729,True,,normalized_sgd,2,0.02,True,True,33,0.557665828012563,0.06464193391607952,0.6571150748059154,0.0877034766599536,0.0003527008604213968,0.0012830491293698287,0.2511558956466615,0.005108576591707349,0.00023334208390224376,0.0028731324553145643,0.008170164990504734,1.8632240639249176e-08,0.03166816011071205,0.0877402275800705,True,0.5671142935752869,0.09433749318122864,True,2.8456818768063386e-07,0.0252726909678712,0.0033339145593345165,193.48471069335938,8
73729,True,,normalized_sgd,3,0.01,True,True,66,0.557481429553059,0.06451544886413418,0.6571122242603451,0.08762343882699497,0.00020560927967008499,0.0007553830744200241,0.2511501524131745,0.0030076950667237545,0.00013891923822484387,0.0014341074808385073,0.004087546233248505,1.950291306229701e-08,0.031733978539705276,0.08771437406539917,True,0.5671156644821167,0.09432501345872879,True,2.9199239293120627e-07,0.022720965530828623,0.0016793422983027995,193.49346923828125,8
73729,True,,normalized_momentum,0,0.08,True,True,9,0.5580165028061087,0.06528786381791817,0.657443075440824,0.0884839651407674,0.000952984187163226,0.0030203044498193776,0.25119279604405165,0.012023849797387132,0.0005572851882789109,0.011164750175963701,0.03198510465405619,1.7834819843187688e-08,0.041605882346630096,0.08742677420377731,True,0.5658711791038513,0.09430378675460815,True,2.668598426680546e-07,0.021370549023228682,0.00902597326785326,193.3511505126953,8
73729,True,,normalized_momentum,1,0.04,True,True,17,0.5584928956189138,0.06505556945437324,0.6571964835748076,0.08809993171598762,0.0006185092380798526,0.002141517074960575,0.251122476067394,0.008527779386763667,0.0003810528464782692,0.005613849162793333,0.0160158720392262,1.8946170854405864e-08,0.032074056565761566,0.08761770278215408,True,0.5668985247612,0.09432535618543625,True,2.883473655401758e-07,0.02159179545597231,0.00535425404086709,193.4218292236328,8
73729,True,,normalized_momentum,2,0.02,True,True,33,0.5577745334112588,0.06482147785370763,0.657174501568079,0.08789857814554125,0.00035445892155578236,0.0012836462815357663,0.25110283866524696,0.005112034130554117,0.00023233736135352956,0.0028686844881446283,0.008105389938256213,1.8413977898035228e-08,0.03160786256194115,0.08772525936365128,True,0.5670979022979736,0.09433075040578842,True,2.8901391146973765e-07,0.025554090538199466,0.003158127423375845,193.44692993164062,8
73729,True,,normalized_momentum,3,0.01,True,True,66,0.5575099493630841,0.064595784962951,0.657142489682883,0.08770060379174538,0.00020265963112690795,0.0007470195542964575,0.2510886562522501,0.002975122673586586,0.0001373720526771649,0.0014285388501964445,0.004071540723568886,2.0237990838722908e-08,0.03169074282050133,0.08773478120565414,True,0.567095160484314,0.09432771801948547,True,2.9409136459435103e-07,0.022968627664877225,0.0016205300344154239,193.4652099609375,8
73729,True,,sign_gradient,0,0.08,True,True,9,0.5161954539873129,0.44870855427550055,0.6453836325090379,0.6066903616301715,0.0009679884596746661,0.003069502571747762,0.6636920562013984,0.004624889725689766,0.0006397782815668052,0.020110619561687193,0.03183608961097902,1.8607090979116947e-08,0.04191996157169342,0.0822024866938591,True,0.5717718005180359,0.09755789488554001,True,2.700751622342068e-07,0.007203322229706499,0.00366286002099514,190.4293212890625,8
73729,True,,sign_gradient,1,0.04,True,True,17,0.5278299682129908,0.43560963980121364,0.6572498306632042,0.5924901803955436,0.0005726790093116721,0.001819576486468577,0.6667993534356356,0.0027288216119186986,0.00036626911673920404,0.008949854491229484,0.014643149304494067,1.7804994811854158e-08,0.03219834342598915,0.087751105427742,True,0.5766883492469788,0.09856800734996796,True,2.7664370350066747e-07,0.00710561025088502,0.0022434128914028406,194.5485076904297,8
73729,True,,sign_gradient,2,0.02,True,True,33,0.528241204197797,0.42884433058225807,0.6555201541632414,0.5855517257004976,0.0004482171358221763,0.001524676896224264,0.6646911920979619,0.002293812396418152,0.0002957621009045397,0.0047666246668028505,0.007789103570082998,1.9777585791302954e-08,0.030355220660567284,0.08213058859109879,True,0.569908857345581,0.09510134160518646,True,2.7280410108687647e-07,0.010798872000893838,0.0015673500020056963,190.78323364257812,8
73729,True,,sign_gradient,3,0.01,True,True,67,0.5310066638230647,0.42765038183819265,0.6607920067326631,0.586363873881055,0.00030866178609615394,0.0011117936458049371,0.6646060202037916,0.001672861232078551,0.0002111751425672992,0.00229924339381075,0.003685536436001275,1.926135340113433e-08,0.028894303366541862,0.08210879564285278,True,0.5701971650123596,0.09598007798194885,True,2.7970767746410274e-07,0.010939336839398035,0.0010663269786164165,190.0918731689453,8
73729,True,,natural_gradient,0,0.08,True,True,6,0.3578717717610047,1.7170327804427634,0.44410219602286816,2.1689520478248596,0.0022376629137540113,0.007223311142297462,1.2651237174868584,0.005709568987171007,0.0015696607661084272,0.01794092418878925,0.02224552492562615,1.8500591281167544e-08,0.03836429864168167,0.07882073521614075,True,0.5303422212600708,0.13993200659751892,True,2.998032471168699e-07,0.007001642357039897,0.006151009118184447,175.55393981933594,8
73729,True,,natural_gradient,1,0.04,True,True,12,0.3578732292953436,1.6826142517028317,0.4422991441388149,2.1158999784383923,0.0014231853155046038,0.005196778511617595,1.2650827860925347,0.004107856472910284,0.0010139437618477132,0.008613034519122782,0.011580652771315487,1.9838427789409252e-08,0.032281555235385895,0.07853103429079056,True,0.5358582139015198,0.13768307864665985,True,2.6522459961597633e-07,0.006831897599837053,0.004010257311165333,174.9727783203125,8
73729,True,,natural_gradient,2,0.02,True,True,23,0.35691313179467565,1.6788526710641614,0.4430403757141903,2.1278470465913415,0.0008616086918404511,0.003162237154356262,1.2554018418304622,0.002518904345197951,0.0006224567065373776,0.004201391488944388,0.0058208279230579085,1.960830076086495e-08,0.03121691569685936,0.07823340594768524,True,0.5292704701423645,0.1368846595287323,True,2.904615712395753e-07,0.005288456233577411,0.001971631543710828,177.693603515625,8
73729,True,,natural_gradient,3,0.01,True,True,45,0.35793657125329065,1.6751360108333586,0.44291182758752257,2.114905517315492,0.0005143408745160122,0.0017136435582187914,1.2548747099936008,0.0013655893648757413,0.0003453994937387961,0.0021349960378984033,0.002930833816282408,1.9070974133228447e-08,0.030296245589852333,0.07852420210838318,True,0.5300852060317993,0.13726499676704407,True,2.8433410648176505e-07,0.0037556990989172493,0.0011023199185729027,177.65109252929688,8
73729,True,,wrong_fisher_natural_gradient,0,0.08,True,True,9,0.5672581968815695,0.047025298911920685,0.6672765137627721,0.06417219946160913,0.0008872354797228049,0.003203619817213621,0.2942203152924776,0.010888506505844019,0.0005717647482015309,0.010243720170340533,0.03428161107303536,1.912913383250725e-08,0.041334155946969986,0.08808780461549759,True,0.5698951482772827,0.09403710067272186,True,3.5076612903139903e-07,0.018682820505699412,0.007140978705137968,190.54583740234375,8
73729,True,,wrong_fisher_natural_gradient,1,0.04,True,True,17,0.5675041479321248,0.0470195822082447,0.667346203699708,0.06420336395967752,0.0005983186510264342,0.00216993162939616,0.29437450505793095,0.007371330030666657,0.00038398972765207873,0.005107673014854842,0.01711796193336539,1.7894690174102834e-08,0.03855496644973755,0.08811964094638824,True,0.5698972344398499,0.0940350741147995,True,2.7016932335754973e-07,0.017576849871181487,0.00606884341686964,190.50474548339844,8
73729,True,,wrong_fisher_natural_gradient,2,0.02,True,True,34,0.5682483469852252,0.04705754166126983,0.6673503268975765,0.06416348199127242,0.00031826486553562013,0.0011429323681113601,0.2943890243768692,0.0038823878387809992,0.00021303067435951561,0.002561470576569209,0.008538341984643807,1.969626239883837e-08,0.03782277926802635,0.08810948580503464,True,0.5698909759521484,0.09403304755687714,True,2.749504517396417e-07,0.01364907128058509,0.003217458724975586,190.52220153808594,8
73729,True,,wrong_fisher_natural_gradient,3,0.01,True,True,67,0.5685606569269668,0.04702508370520873,0.6673294922802597,0.06416771773365326,0.00017569011081376126,0.0006425377181358272,0.2944266109261662,0.0021823357478273505,0.00011778486330626947,0.0012796549021503417,0.004274039516851078,1.8906954224462424e-08,0.030302148312330246,0.08825363963842392,True,0.5699487924575806,0.09405501931905746,True,2.7548705361368775e-07,0.016868655156228686,0.0011591893853619695,190.40863037109375,8
73730,False,arm:natural_gradient_r0,adam,0,0.08,True,True,9,0.5704052060010854,0.18373510615881256,0.6773024927824736,0.31625936832278967,0.0017509651843584796,0.004039631123305298,0.5123564805835485,0.00788441500477238,0.0008616428131063003,0.010605901531518575,0.06876494055518147,1.8256098854863012e-08,0.04706715792417526,0.09213607758283615,True,0.5302677154541016,0.1072969138622284,True,3.0677597351314034e-07,0.01919482393139609,0.00654566939920187,163.43992614746094,8
73730,False,arm:natural_gradient_r0,adam,1,0.04,True,True,18,0.5780388220157814,0.16850761282750168,0.6854828738141805,0.3389079092303291,0.0009595598894726568,0.002542767013892444,0.4517384630162269,0.005628847711825471,0.0005062960883606138,0.006291716267378771,0.031300899970779304,1.8159454384658602e-08,0.0585440993309021,0.09104187786579132,True,0.5265153050422668,0.09466244280338287,True,3.0883674639881065e-07,0.020160516345786157,0.0030306982807815075,163.4208526611328,8
73730,False,arm:natural_gradient_r0,adam,2,0.02,True,True,35,0.5763306595966391,0.16599663345095325,0.6862603665795177,0.33131758484523743,0.0005965178855373345,0.0013877349304038944,0.4280145103111863,0.0032422614116398695,0.000295549089173619,0.0031318119324803685,0.01963541896003127,1.9433388231959725e-08,0.03924921527504921,0.0910189226269722,True,0.4635455310344696,0.09411110728979111,True,2.964749796774413e-07,0.014580529614096014,0.0017187349731102586,163.18521118164062,8
73730,False,arm:natural_gradient_r0,adam,3,0.01,True,True,69,0.5731168875964934,0.17458207553427532,0.6850179363973439,0.34112795162945986,0.0003916270674357061,0.0010820917850651313,0.42312163952738047,0.0025574011914725257,0.00021109580706024644,0.0015939434893305524,0.008904884971288891,2.0402817213494018e-08,0.039217304438352585,0.09130243211984634,True,0.46400511264801025,0.09411650896072388,True,2.800783818202035e-07,0.01697765272021544,0.0009174452861770988,165.00900268554688,8
73730,False,arm:natural_gradient_r0,normalized_sgd,0,0.08,True,True,10,0.6052613564114291,0.04861104418651493,0.7273253563325852,0.08724021623493172,0.001474402466359899,0.003228912598842726,0.28114924556575716,0.011484692382315233,0.0007441897478770443,0.011378397668694301,0.0661180128253806,1.8432029236237213e-08,0.05420035496354103,0.08948065340518951,True,0.5252982378005981,0.10331736505031586,True,2.8897369475089363e-07,0.026803119972248306,0.0068828994408249855,162.82217407226562,8
73730,False,arm:natural_gradient_r0,normalized_sgd,1,0.04,True,True,19,0.6032237301772135,0.04901825342320067,0.7276975237764418,0.08770959853427485,0.0010769726163788642,0.002698719014915696,0.28114428487606347,0.009599053440141489,0.0005744035302086559,0.006043557074754613,0.03309548837876448,1.8980012228553278e-08,0.05087820813059807,0.08954066038131714,True,0.525270402431488,0.10327796638011932,True,2.78998413705267e-07,0.032097267096475736,0.007646866608411074,163.1822052001953,8
73730,False,arm:natural_gradient_r0,normalized_sgd,2,0.02,True,True,37,0.6031652424055354,0.048828931337777125,0.7276840945705771,0.08781538097537123,0.0006576931694932695,0.0015734525027255586,0.2811125381849706,0.0055972334527826535,0.0003430929747310074,0.0029921509994188696,0.016713474220499402,1.9010791163509566e-08,0.05108173191547394,0.08954533189535141,True,0.5255412459373474,0.10327457636594772,True,2.883716661017388e-07,0.02071486628953066,0.0031025055795907974,163.0011444091797,8
73730,False,arm:natural_gradient_r0,normalized_sgd,3,0.01,True,True,73,0.6032252540048909,0.048946950784218846,0.727758115157485,0.08783803263213485,0.00037559179484578,0.00090572696012714,0.28111331909894943,0.0032219283064575535,0.000196387125555475,0.0014640401751088653,0.008239068232537903,2.026756895645576e-08,0.05102917179465294,0.08956332504749298,True,0.5257150530815125,0.10326719284057617,True,2.980546014441643e-07,0.02645754269506619,0.0013413105625659227,162.98507690429688,8
73730,False,arm:natural_gradient_r0,normalized_momentum,0,0.08,True,True,10,0.6049843327088609,0.048359706648703406,0.7274782217573375,0.0867759709362872,0.0015172512169528774,0.0034159082244968886,0.28107974072918296,0.012152808365466923,0.0007846651262752857,0.011387809517554257,0.06632264933050255,1.8812434277037937e-08,0.05417504161596298,0.08946198225021362,True,0.5252791047096252,0.10330812633037567,True,2.866524653200031e-07,0.0265830582415281,0.00916222669184208,162.880126953125,8
73730,False,arm:natural_gradient_r0,normalized_momentum,1,0.04,True,True,19,0.6032021605223755,0.048676738210553225,0.7278542728163302,0.08713593956781551,0.0010756323078757585,0.002684558418877714,0.2810742298606783,0.00955106563916722,0.0005682163571236742,0.006030910676698684,0.03312679401810657,1.8628860232183797e-08,0.05082543566823006,0.0895153358578682,True,0.5252594947814941,0.10328381508588791,True,2.777379961571569e-07,0.03192889335041102,0.007832679897546768,163.00413513183594,8
73730,False,arm:natural_gradient_r0,normalized_momentum,2,0.02,True,True,37,0.603295380339083,0.048557638338359146,0.7279176320880651,0.08733492830651812,0.0005791002741613664,0.0015119850284008862,0.28104708762839437,0.005379828131861166,0.00031160593300683104,0.0029919697086625537,0.01662953847927566,1.853964270992492e-08,0.051108572632074356,0.08953932672739029,True,0.525524914264679,0.1032702699303627,True,3.090534619332175e-07,0.02067745750937357,0.0028680795803666115,162.99053955078125,8
73730,False,arm:natural_gradient_r0,normalized_momentum,3,0.01,True,True,73,0.6032707987000389,0.048724034507693956,0.727904299274087,0.08746022687410004,0.00037760932482771697,0.0008959842616604874,0.281038127373904,0.0031881235120401843,0.0001963689068986696,0.0014635907458495838,0.008295584086196937,2.0297411751357686e-08,0.051040858030319214,0.08957398682832718,True,0.5257704854011536,0.10327211767435074,True,3.101918650827429e-07,0.026683908321626877,0.0012561774346977472,162.99435424804688,8
73730,False,arm:natural_gradient_r0,sign_gradient,0,0.08,True,True,10,0.6198783302581669,0.4003363637006468,0.7270279380027205,0.7374694757163525,0.0030046503793829215,0.00611682833937266,0.7667762194760144,0.007977331826426055,0.0015768805500329108,0.008212160907525164,0.06457295124670817,1.9231690018273184e-08,0.05608852952718735,0.09247362613677979,True,0.5291228890419006,0.10737244039773941,True,2.8148286901341635e-07,0.017425761063227505,0.007018449483439326,156.06640625,8
73730,False,arm:natural_gradient_r0,sign_gradient,1,0.04,True,True,19,0.6345186434581492,0.4031866917256391,0.740943574346602,0.7536891745403409,0.0015160842386370713,0.0033255135340368724,0.7715899664908648,0.004309949167899457,0.0007983323237112927,0.0061402344191940576,0.032546595768299436,1.8696507453341837e-08,0.05520223081111908,0.09111069142818451,True,0.5237075090408325,0.0946483314037323,True,2.890822941026272e-07,0.011953589387546064,0.0026676019188016653,164.08689880371094,8
73730,False,arm:natural_gradient_r0,sign_gradient,2,0.02,True,True,37,0.6191595938245211,0.4030289184148972,0.7347939452156425,0.7431442542001605,0.001066120245505173,0.0025743288319972635,0.7663482669740915,0.003359215311025549,0.0005715594468256313,0.0028416949813261073,0.016948363969937416,1.9040196974628998e-08,0.05236603692173958,0.09320016950368881,True,0.5286979079246521,0.10506287962198257,True,2.883353147353773e-07,0.015421602744123655,0.00253899022936821,162.81201171875,8
73730,False,arm:natural_gradient_r0,sign_gradient,3,0.01,True,True,74,0.6199871663570681,0.3989933096524463,0.7389181675389409,0.7428851965814829,0.0007728410421795911,0.001539472320700952,0.769038456492126,0.0020018144836645296,0.00038658317328099656,0.0012919387958118132,0.008604693054711737,1.9832114617202024e-08,0.05135184898972511,0.09356452524662018,True,0.5284728407859802,0.10430126637220383,True,3.049878216643265e-07,0.01239803214042966,0.0009725475392770022,162.42514038085938,8
73730,False,arm:natural_gradient_r0,natural_gradient,0,0.08,False,True,8,0.4673070625000142,0.24540947495917104,0.5883122943341732,0.5273321950808167,0.00285241096636107,0.006578218555659987,1.0568250864744186,0.006224510223924571,0.0015158418063947465,0.025084067451978147,0.10676267882569235,1.7857541223520457e-08,0.047193676233291626,0.10216527432203293,True,0.5481082797050476,0.12892548739910126,True,2.864753412268328e-07,0.014661627286322277,0.0048638004809618,147.16326904296875,8
73730,False,arm:natural_gradient_r0,natural_gradient,1,0.04,True,True,15,0.47337924613399096,0.2395938306306398,0.5843669148162007,0.5230321735143661,0.0017893991603522162,0.004185510788374813,1.0381225161254406,0.00403180811836766,0.0010099306864503887,0.012430426035314272,0.052084106993532296,1.8370391430266864e-08,0.05500417947769165,0.10143093019723892,True,0.5378979444503784,0.12294840067625046,True,2.993738235090859e-07,0.0080036612066872,0.004006842151284218,147.2172393798828,8
73730,False,arm:natural_gradient_r0,natural_gradient,2,0.02,True,True,30,0.47552485753110596,0.24733774258336466,0.5859806719236076,0.522259300108999,0.0014666323764103016,0.0028634580964990164,1.0504648387432098,0.002725896185087828,0.0007574834999104496,0.006307781399942201,0.024925755213660306,1.9793599648210147e-08,0.04088018089532852,0.10238944739103317,True,0.5393653512001038,0.12369825690984726,True,3.101151548889902e-07,0.0073348267728109914,0.0023705748608335853,150.03335571289062,8
73730,False,arm:natural_gradient_r0,natural_gradient,3,0.01,True,True,59,0.47460953613115003,0.2504330547001907,0.5861433879472315,0.5346978621091694,0.0006730121984741594,0.0015289711443529086,1.0582631696015596,0.001444792928897424,0.0003538222420615966,0.003271354907215454,0.013057355241094385,1.9101637604990174e-08,0.0385209321975708,0.10202432423830032,True,0.5335896015167236,0.1238882839679718,True,2.910807097578072e-07,0.006084873107016962,0.0008757225004956126,149.2896270751953,8
73730,False,arm:natural_gradient_r0,wrong_fisher_natural_gradient,0,0.08,True,True,9,0.5878282024490509,0.04375163244602641,0.701690785586834,0.07841298775747418,0.0013585476017016903,0.0032519120577489957,0.30162458680570126,0.010781322876187787,0.0006932405558472965,0.011649118865166383,0.07101846444825644,2.001223364800353e-08,0.05722115933895111,0.09232956916093826,True,0.5270769596099854,0.10581540316343307,True,2.9497027753677685e-07,0.02285529463150481,0.007190494332462549,159.40892028808594,8
73730,False,arm:natural_gradient_r0,wrong_fisher_natural_gradient,1,0.04,True,True,18,0.587613567435998,0.043702434416479204,0.7022733530029655,0.07826932275202125,0.0009563390901234459,0.00259527247180813,0.30163768120110035,0.008603939870754657,0.000519138710842526,0.005895283394052418,0.03566131152784045,1.7538773988690082e-08,0.05139131098985672,0.0927797257900238,True,0.5269608497619629,0.105782650411129,True,2.977409678805998e-07,0.03565444647430208,0.007071939529851079,163.35928344726562,8
73730,False,arm:natural_gradient_r0,wrong_fisher_natural_gradient,2,0.02,True,True,36,0.5871705871989218,0.04348106176866596,0.7022502210456878,0.07831637313211104,0.0006235868499051395,0.0017146471852811374,0.3017413191264495,0.005682507089997135,0.00035079537659044036,0.002965423006607757,0.017946848992477518,1.8350988284510095e-08,0.05161130800843239,0.09276363998651505,True,0.5272423624992371,0.1057739332318306,True,2.9310271543181443e-07,0.024711765583901972,0.003656778368167579,163.31942749023438,8
73730,False,arm:natural_gradient_r0,wrong_fisher_natural_gradient,3,0.01,True,True,71,0.5872469304840813,0.043399483700636995,0.7022951397811994,0.07831797837570775,0.00034913512668043696,0.0008847748820244306,0.3017852605553344,0.002931802833565495,0.00018604292785084908,0.0014804124287262587,0.00900295234756589,2.0228458907922686e-08,0.038941167294979095,0.09295326471328735,True,0.5272390842437744,0.10577032715082169,True,3.21752082754756e-07,0.02654103308456664,0.0019529120763763785,163.85751342773438,8
73731,True,,adam,0,0.08,True,True,8,0.5100091439390485,0.4010199129121141,0.5800698259845376,0.4579495759680867,0.001087762432702728,0.003606012991440366,0.4578147092834115,0.007876577397621477,0.0005307956307660788,0.004352347858298893,0.005128214068519038,1.740330546340374e-08,0.03761255368590355,0.08076571673154831,True,0.481716513633728,0.10730995237827301,True,2.959918958822527e-07,0.012536980894983408,0.006444451864808798,248.77557373046875,8
73731,True,,adam,1,0.04,True,True,15,0.49891379009605413,0.41715565633094304,0.5692201354540884,0.47838651202619076,0.000768119044351317,0.0029385433299466968,0.42646302795037627,0.006890499615100583,0.0004227120336963708,0.002162527254310305,0.0026266323374418313,2.001276655505535e-08,0.028069661930203438,0.08483611047267914,True,0.4815700948238373,0.11106854677200317,True,2.9961276482026733e-07,0.014430638853750464,0.007395579945296049,248.77557373046875,8
73731,True,,adam,2,0.02,True,True,29,0.49608668618522456,0.413476140146947,0.5645139082334936,0.473219902603887,0.0004345751546584453,0.0016877104026207235,0.40920959995128214,0.004124317715961823,0.00023601752934609976,0.000977521221799109,0.0013583009472263481,2.4249025898370746e-08,0.024934086948633194,0.08192981779575348,True,0.48300477862358093,0.10918708145618439,True,2.958472862246708e-07,0.011792230866657198,0.0037662892136722803,248.77557373046875,8
73731,True,,adam,3,0.01,True,True,57,0.49264002775725235,0.40916296560126997,0.5603773748589447,0.4681786793953506,0.000253062733164519,0.0010975453462833684,0.3975710747181438,0.002760626756012037,0.0001577080257391117,0.00042857755459310487,0.000661366432800315,2.0711265591444317e-08,0.024338863790035248,0.08191816508769989,True,0.48229578137397766,0.10874218493700027,True,3.1083402518561343e-07,0.010750659893094169,0.0019071130082011223,248.77557373046875,8
73731,True,,normalized_sgd,0,0.08,True,True,8,0.5206254688073023,0.047620956038838265,0.5936700031161308,0.05513607140164822,0.0015263260690009958,0.0031010505081212614,0.22154817450791597,0.01399718375025681,0.0007092729651958507,0.0036055865106308154,2.1948507219071103e-05,1.833592655486882e-08,0.05314933881163597,0.08837191015481949,True,0.6998117566108704,0.11624539643526077,True,3.326202886455576e-07,0.029067654143348495,0.010619526263326406,248.77557373046875,8
73731,True,,normalized_sgd,1,0.04,True,True,15,0.5203291864894962,0.047551728067622166,0.5934768095612526,0.05509100703056902,0.0006268678423245956,0.002214942596765468,0.22151100356131792,0.009999244105958533,0.0003597735535549873,0.0018537150630534432,0.0003217970482516098,2.023079126445282e-08,0.05222007632255554,0.08837663382291794,True,0.6998226046562195,0.11624675989151001,True,2.8871355084447714e-07,0.020532638022940662,0.01050292793661356,248.77557373046875,8
73731,True,,normalized_sgd,2,0.02,True,True,30,0.5205938242246977,0.04745326320980412,0.5935007696971297,0.05500355549156666,0.0003517933908980592,0.0012591342469931988,0.2214695862494409,0.005685359639291679,0.00021599300873731409,0.0009412973005622153,0.00022719016391381844,2.1404332528618397e-08,0.0516367182135582,0.08856417238712311,True,0.699810266494751,0.11624403297901154,True,2.923279964761605e-07,0.013344958443119623,0.004725653678178787,248.77557373046875,8
73731,True,,normalized_sgd,3,0.01,True,True,60,0.5200983141451517,0.04736174598345247,0.5935625433921814,0.054944606163189746,0.00029292719005275496,0.0008898400028556352,0.22147702623624355,0.004017753073433752,0.0001602167227758855,0.00046210504078309325,8.313281673773322e-05,2.0547842538576333e-08,0.05002843216061592,0.08848462253808975,True,0.6998063921928406,0.1162363737821579,True,2.8729937184834853e-07,0.022562140272164553,0.0023649786598980427,248.77557373046875,8
73731,True,,normalized_momentum,0,0.08,True,True,8,0.5205426625182187,0.04731666563491082,0.5937481690198183,0.054840196506120265,0.0015325737097613612,0.0031033994309837,0.2215311024338007,0.014008865558329793,0.0007111559548320656,0.003609809527643116,0.00017918476009849818,1.8395386547354065e-08,0.05314485356211662,0.08839014172554016,True,0.6998088955879211,0.11624675989151001,True,3.9036379462231707e-07,0.029267130692303352,0.010585621930658817,248.77557373046875,8
73731,True,,normalized_momentum,1,0.04,True,True,15,0.5205003385585484,0.047423183906258555,0.5936675537377596,0.05494283698499203,0.0006342923448348723,0.00221661591422162,0.2214965196326375,0.010007452568094446,0.0003625904046202777,0.0018644687785214433,0.00019707053802599022,2.067864990351609e-08,0.052262309938669205,0.08831583708524704,True,0.6997058987617493,0.11600258201360703,True,3.1142650414039963e-07,0.020562818625439596,0.01050292793661356,248.77557373046875,8
73731,True,,normalized_momentum,2,0.02,True,True,30,0.5206829528376864,0.04735361278861647,0.5936169396154583,0.054886420839466155,0.0003553930650547976,0.0012644502257899148,0.22144482610747218,0.005710001213468174,0.00021814754506976897,0.000942237225838115,0.00014210832343689492,2.0009728984859976e-08,0.05164710804820061,0.08857428282499313,True,0.6998140811920166,0.11625168472528458,True,3.0330224376484693e-07,0.013547419386933053,0.004683448001742363,248.77557373046875,8
73731,True,,normalized_momentum,3,0.01,True,True,60,0.5201528760878681,0.04727631657292677,0.5936307747615501,0.05484313832130283,0.0002958514582018831,0.0008932048408496485,0.22144470957573503,0.004033534341646435,0.0001607916356078931,0.0004626937223380713,7.293889609948155e-05,2.0233999364904776e-08,0.049995049834251404,0.08850013464689255,True,0.6998141407966614,0.11623801290988922,True,3.1003730782686034e-07,0.02303019996271292,0.0023586138850077987,248.77557373046875,8
73731,True,,sign_gradient,0,0.08,True,True,8,0.5126441467190206,0.5104540153509305,0.5840412341058254,0.587762014940381,0.0013152202488177082,0.004145196595345624,0.6061743907630444,0.00683829052911276,0.0006480552110588178,0.002917910494266089,0.007047180277064768,1.8427614989491303e-08,0.04121136665344238,0.08110853284597397,True,0.45710644125938416,0.1053776890039444,True,2.538669150453643e-07,0.012533456080583795,0.005399182206019759,248.77557373046875,8
73731,True,,sign_gradient,1,0.04,True,True,15,0.49449052354942785,0.48833954959145215,0.5642804489471018,0.5603136364370584,0.0008103760354205656,0.0030059318310122762,0.5973634240217507,0.005031998462133542,0.0004321728603713382,0.001119088013832247,0.0021896409911255407,2.0724389315773806e-08,0.02751411870121956,0.08465161174535751,True,0.4907403588294983,0.1100090891122818,True,2.908826388647867e-07,0.009333848964965629,0.00487608602270484,248.77557373046875,8
73731,True,,sign_gradient,2,0.02,True,True,29,0.5001231148196792,0.4901723257584314,0.5698492103256285,0.5643588192760944,0.00041833689827212205,0.0019301096654089633,0.6003226982429624,0.003215120252920722,0.00027783800180714024,0.0008689245721675017,0.0012904523871735162,2.1446608045039284e-08,0.0316963829100132,0.08232724666595459,True,0.49296674132347107,0.10892298817634583,True,3.031569235645293e-07,0.007836764215012353,0.0029265964403748512,248.77557373046875,8
73731,True,,sign_gradient,3,0.01,True,True,57,0.5006685334919696,0.4936991799286722,0.5684324526228011,0.5666903597302735,0.00033679831558037896,0.0013977629869259545,0.6004748167470098,0.0023277628768815723,0.00020504897184991933,0.00026519833869268676,0.0005517374298049889,2.277935884364979e-08,0.023953741416335106,0.08627442270517349,True,0.49162259697914124,0.11027289181947708,True,2.9326491812753375e-07,0.008786768357706242,0.0020899614319205284,248.77557373046875,8
73731,True,,natural_gradient,0,0.08,True,True,6,0.36606174462493957,1.0971231153930545,0.43634720146656036,1.373916456475854,0.002735824366335168,0.011299891746602952,1.0324732437729836,0.010944488697169116,0.0017986314069275977,0.005537376322452302,0.020673817389657245,1.905147328784551e-08,0.048963457345962524,0.10562346875667572,True,0.5659515857696533,0.14219702780246735,True,2.760856432360015e-07,0.01549588252447997,0.009999160654842854,252.322265625,8
73731,True,,natural_gradient,1,0.04,True,True,11,0.3565059710439676,1.167071029469546,0.42562753055244684,1.4712162371724844,0.0017229183972392033,0.007014407601673156,1.0700676552951336,0.006555106648596461,0.0011438028814154677,0.0027355281399777578,0.010542245705220063,2.1125085680751e-08,0.036869749426841736,0.1089252308011055,True,0.5839170813560486,0.14333130419254303,True,2.955100910639885e-07,0.012387413454674125,0.006411643698811531,252.15640258789062,8
73731,True,,natural_gradient,2,0.02,True,True,22,0.3616578485873606,1.0953750033495524,0.43221548944711685,1.367573824711144,0.0011337784066241005,0.005139832890563412,1.044348768889904,0.0049215674338629455,0.0007361083730756945,0.0013729174811983266,0.0053425054551122265,2.299349333156897e-08,0.027501115575432777,0.1074763685464859,True,0.5661962628364563,0.14065098762512207,True,3.0369648129635607e-07,0.010009404467470163,0.0041616789530962706,256.0574035644531,8
73731,True,,natural_gradient,3,0.01,True,True,43,0.3595069461223423,1.107438878583381,0.42934809252619743,1.3828170760534704,0.0006812168067217571,0.0030049062402213167,1.0493072280660272,0.002863704890091765,0.00045358083781366076,0.000537267471060298,0.0025633440956444754,2.030417789455896e-08,0.028247492387890816,0.106603242456913,True,0.5718415379524231,0.1414155513048172,True,3.218308108898782e-07,0.009963112559697283,0.0022944656666368246,258.303955078125,8
73731,True,,wrong_fisher_natural_gradient,0,0.08,True,True,8,0.5251814118968285,0.04177782510646721,0.5977937448769808,0.04822719539515674,0.0010605147678701497,0.002932056231657043,0.23553169332444668,0.012448669604808189,0.0005259058161755092,0.0037482323864167174,0.001479945377721365,1.9446650512122687e-08,0.052602365612983704,0.09287746250629425,True,0.6994627714157104,0.11840351670980453,True,3.152212855184189e-07,0.02061978428646703,0.011917421594262123,248.77557373046875,8
73731,True,,wrong_fisher_natural_gradient,1,0.04,True,True,15,0.5250138319664299,0.04185249864903917,0.597822017967701,0.04826557636260986,0.0008216513250409162,0.002210808146628551,0.23533889278769493,0.009394146970101437,0.00042453978858247865,0.0019255283522298633,0.000845838207191548,1.9162143871653825e-08,0.050181955099105835,0.09171922504901886,True,0.6993162631988525,0.11780112981796265,True,2.822466456109396e-07,0.021429920856307683,0.008728248067200184,248.77557373046875,8
73731,True,,wrong_fisher_natural_gradient,2,0.02,True,True,30,0.5254062142144719,0.04192015074702705,0.5978083247318864,0.048278949107043445,0.0006173257016653834,0.0016019154040805006,0.23541976138949394,0.006804506956534487,0.00033155360085856955,0.0009503543675858331,0.00034500473959290915,1.984850506175917e-08,0.05047696456313133,0.09170229732990265,True,0.6992312073707581,0.11763720959424973,True,3.00644870776523e-07,0.03726146734707934,0.005223008571192622,248.77557373046875,8
73731,True,,wrong_fisher_natural_gradient,3,0.01,True,True,60,0.524643886092468,0.04186508987731357,0.5978774800896645,0.04823325059260242,0.0002230602186741548,0.0009232977351985028,0.23543943208642304,0.003921593451939634,0.00014164213772005496,0.0004980190359981834,0.0001661176039991729,2.3243158508989836e-08,0.04965036362409592,0.09178557991981506,True,0.6993648409843445,0.117642343044281,True,2.8456585710046056e-07,0.016299530899044616,0.002848683507181704,248.77557373046875,8
73732,False,arm:natural_gradient_r0,adam,0,0.08,True,True,9,0.578801979386027,0.4671963853505258,0.648243464063853,0.3457017242908478,0.001226480399450099,0.0032346457992389333,0.5313535719178617,0.0060875582101835475,0.0006620193807975738,0.0005540795933851423,0.06041775680226118,1.682332317898272e-08,0.03304988518357277,0.0664040818810463,True,0.38533830642700195,0.0945105329155922,True,3.2965348850666487e-07,0.009131598737284101,0.005755362566560507,270.4453125,8
73732,False,arm:natural_gradient_r0,adam,1,0.04,True,True,17,0.5895633835852904,0.43852137905200744,0.654202152043581,0.3205691874027252,0.0007208138009370994,0.002142834646292613,0.5181445376947522,0.004135592465813069,0.0004500858353821968,0.0013026747967043609,0.033249574868331536,1.7571341714983646e-08,0.02753361128270626,0.06640768051147461,True,0.3868723213672638,0.09547465294599533,True,2.8595357548510947e-07,0.010291287828595718,0.0028140211943536997,274.2769775390625,8
73732,False,arm:natural_gradient_r0,adam,2,0.02,True,True,33,0.5855161814949023,0.38414213896460264,0.6489520333707333,0.27532178396359086,0.0004911336650473203,0.001393606824649396,0.5162277519702911,0.0026995968723696165,0.00028422068339750695,0.0007218506599584501,0.01666477385729579,1.835867635691102e-08,0.024914951995015144,0.0654577687382698,True,0.3868541717529297,0.09500536322593689,True,3.4402864912408404e-07,0.01067260049636859,0.002434239722788334,273.4830627441406,8
73732,False,arm:natural_gradient_r0,adam,3,0.01,True,True,65,0.5845127599797442,0.3691768846033858,0.6468001331668347,0.2565026502124965,0.00029680025639754285,0.0008385467408515979,0.5250089871697128,0.0015972045457205322,0.0001579481153726192,0.0003687972191537733,0.008791555894392835,1.9535242756774096e-08,0.023838993161916733,0.06524419039487839,True,0.38937145471572876,0.09623675048351288,True,2.8070743951502664e-07,0.00931786200043257,0.0011312048882246017,274.0079650878906,8
73732,False,arm:natural_gradient_r0,normalized_sgd,0,0.08,True,True,9,0.6411635841844204,0.20266039386798135,0.667925194837153,0.12572286394424736,0.0010097880818088119,0.0028575536662174272,0.2556099044159055,0.011179354230217436,0.0005797271080609789,0.007987790232735131,0.07677484850671913,1.874765409581869e-08,0.034873731434345245,0.0657205879688263,True,0.3972141742706299,0.09369470924139023,True,3.081758848111349e-07,0.01961160368534933,0.010718784295022488,282.87567138671875,8
73732,False,arm:natural_gradient_r0,normalized_sgd,1,0.04,True,True,17,0.6399284291326901,0.19705251441808058,0.667809197679162,0.12431387836113572,0.0006291751200317793,0.0017173895739688305,0.255609592422843,0.00671879939125224,0.0003591405102270073,0.004100646500856225,0.039666386636327766,1.8419944680658773e-08,0.027028854936361313,0.06569608300924301,True,0.39720678329467773,0.09368079900741577,True,3.086955473463604e-07,0.015128609862477884,0.0050882333889603615,284.7030944824219,8
73732,False,arm:natural_gradient_r0,normalized_sgd,2,0.02,True,True,34,0.640626414013381,0.19700400703764515,0.6676892633549869,0.12419366114772856,0.00042080199351135364,0.0011423058407444842,0.25557413790374994,0.004469567422250996,0.00022300784183926226,0.0020800970629911127,0.02029725086744148,2.0310395143496862e-08,0.023861488327383995,0.06571242213249207,True,0.3972109258174896,0.09368216246366501,True,3.1625478413843666e-07,0.011079027205964187,0.004257247084751725,284.7193603515625,8
73732,False,arm:natural_gradient_r0,normalized_sgd,3,0.01,True,True,67,0.6410818159976822,0.19657096808035093,0.6676671230234206,0.12400231108767912,0.00028658251069527395,0.0008087207063454116,0.2555689380969852,0.0031643935775892773,0.0001607595863788447,0.0010533761628604183,0.010251766730411173,1.938228599840386e-08,0.02345837466418743,0.06571242213249207,True,0.39721834659576416,0.09368351101875305,True,3.16322427806881e-07,0.01818864415406599,0.001742604305036366,284.7220764160156,8
73732,False,arm:natural_gradient_r0,normalized_momentum,0,0.08,True,True,9,0.6421131467975084,0.19977277704870644,0.6680821068584919,0.12461170670576394,0.0010404248265356636,0.002865150512661785,0.2555860849097371,0.0112101193367927,0.000580699172360255,0.007980677655719427,0.0773054232459104,1.7738090107854987e-08,0.03492327034473419,0.06569425761699677,True,0.39719921350479126,0.09368860721588135,True,2.9775233656437194e-07,0.019609257740176557,0.010653440840542316,282.89404296875,8
73732,False,arm:natural_gradient_r0,normalized_momentum,1,0.04,True,True,17,0.6412912256940995,0.19851933921655696,0.6682351287454367,0.12504968279972672,0.0007046584891803456,0.001961046211363282,0.25554683338850737,0.007673921000546726,0.0004059482873799425,0.00411498706127348,0.040146276661645386,1.8050444694495127e-08,0.02680962160229683,0.06572694331407547,True,0.39719584584236145,0.09368079900741577,True,3.1023500923765823e-07,0.020210834683311328,0.006699896417558193,284.723388671875,8
73732,False,arm:natural_gradient_r0,normalized_momentum,2,0.02,True,True,34,0.6412991394860738,0.19836934908717044,0.6680552046746016,0.12477687996579334,0.0004459608521164882,0.001258377993508475,0.2555107888765633,0.004924950523777665,0.00024685292012804894,0.0020805391041470666,0.020336336718451857,1.8919294575425738e-08,0.025875022634863853,0.06572603434324265,True,0.3972036838531494,0.09367672353982925,True,2.8009429797748453e-07,0.018668443313749415,0.004480655072256923,284.74932861328125,8
73732,False,arm:natural_gradient_r0,normalized_momentum,3,0.01,True,True,67,0.6414978025255419,0.1978785030185365,0.667911653406918,0.12451239197980613,0.00029469938208761333,0.0008223333809382893,0.2554888108279556,0.0032186669086343785,0.00016377240311271635,0.0010510366038956884,0.01021350336846267,1.8660383460655794e-08,0.023190023377537727,0.0657133236527443,True,0.3972040116786957,0.09367944300174713,True,3.116728066743235e-07,0.018108540914446036,0.001825750689022243,284.7280578613281,8
73732,False,arm:natural_gradient_r0,sign_gradient,0,0.08,True,True,9,0.5917852614680306,0.9745971573388431,0.666862741112709,0.6524689802899957,0.0015765224051166407,0.004169080835708883,0.6646788381040096,0.006272323709900481,0.0008384603002014046,0.0017089613077412428,0.0637104887161747,1.7574455668523115e-08,0.03225014731287956,0.06729903072118759,True,0.3950335681438446,0.09921637922525406,True,2.8638859816965123e-07,0.009132352432377375,0.0069741662591695786,269.56292724609375,8
73732,False,arm:natural_gradient_r0,sign_gradient,1,0.04,True,True,17,0.5848187817021194,0.9680134647011202,0.6525018215179443,0.6622365619987249,0.0010282260116764028,0.002774582065285358,0.6666570249944925,0.0041619332899226254,0.0006028623626548324,0.000895625190085427,0.033378870076328976,1.8514121791213256e-08,0.027768602594733238,0.06641127169132233,True,0.4565870761871338,0.09590420871973038,True,2.9434787052196043e-07,0.008683457008581382,0.0036872539203613997,273.1716613769531,8
73732,False,arm:natural_gradient_r0,sign_gradient,2,0.02,True,True,33,0.5823392069935648,0.9699553233004192,0.6531860590912402,0.6562093705870211,0.0006128103092832843,0.0016479399014315277,0.666220523416996,0.0024735651987713696,0.0003629142213412706,0.00015216505959758162,0.016960262085267772,1.9026691333579038e-08,0.027732083573937416,0.066961370408535,True,0.45671993494033813,0.09756767004728317,True,2.9230906761767983e-07,0.009010630143817077,0.0018131907563656569,272.7289123535156,8
73732,False,arm:natural_gradient_r0,sign_gradient,3,0.01,True,True,66,0.5843526318258431,0.960971180587721,0.6521736175054684,0.6515924792038277,0.0004090367305872735,0.0011606170332925103,0.6651740891393274,0.0017448319954769126,0.00023438832474198534,6.367315629766237e-05,0.008325603967100421,1.82264550119271e-08,0.02765459008514881,0.06704416126012802,True,0.456206738948822,0.0977063700556755,True,3.012813465375075e-07,0.009513692356577765,0.0012827186146751046,272.2190856933594,8
73732,False,arm:natural_gradient_r0,natural_gradient,0,0.08,False,True,5,0.2968540441251055,3.755006165135895,0.35661016777157784,2.4966794177889824,0.0058027152591451905,0.011622782680206,1.5501075237989426,0.007498049329972506,0.0040487176811438985,0.016277536997968512,0.10357613673753441,1.7997310308714987e-08,0.04088164120912552,0.07286008447408676,True,0.5125877261161804,0.1470961570739746,True,3.738920781870547e-07,0.011307015645676958,0.007632099092006683,253.4403076171875,8
73732,False,arm:natural_gradient_r0,natural_gradient,1,0.04,True,True,9,0.2957314677347211,3.4649821420714204,0.35510690324008465,2.3540222570300102,0.00377303205591824,0.007941547824884765,1.494535192847252,0.005313724201940841,0.002461411990225315,0.006493493220469094,0.055003947712812265,1.7655784390058216e-08,0.03305890038609505,0.07183761894702911,True,0.5107027292251587,0.1455477774143219,True,3.0701480113748403e-07,0.010399773362201563,0.004701558966189623,263.98052978515625,8
73732,False,arm:natural_gradient_r0,natural_gradient,2,0.02,True,True,18,0.2956542511618331,3.591012187076834,0.35555593902245164,2.4117505326867104,0.002301527735392003,0.005606030992566957,1.498014286160469,0.0037423080970313475,0.0015756180237076478,0.0038831529301029894,0.025725953867122932,1.9799715644808202e-08,0.027503283694386482,0.07268547266721725,True,0.5175078511238098,0.1443479061126709,True,3.064864131374634e-07,0.010004530105552934,0.0028089858824387193,264.7274475097656,8
73732,False,arm:natural_gradient_r0,natural_gradient,3,0.01,True,True,36,0.2947758749948827,3.635666604573598,0.35401616035960615,2.4328937446698546,0.0012341715345393794,0.003057237703615101,1.5008375933393836,0.0020370210055924215,0.0008330230259616656,0.002007999756558551,0.013056504631075981,1.9496942726959787e-08,0.024720394983887672,0.07156472653150558,True,0.5162094235420227,0.14431025087833405,True,3.184971149039484e-07,0.009308325941893373,0.001296124653890729,269.75311279296875,8
73732,False,arm:natural_gradient_r0,wrong_fisher_natural_gradient,0,0.08,True,True,9,0.636710167777468,0.10618612904748384,0.6626383028924465,0.06408771395217627,0.0012824192093972837,0.0036684713122667745,0.33268521912395954,0.011026853918928964,0.0007583200576846139,0.0076961837950275756,0.07292436345321156,1.7937928475930676e-08,0.02960759960114956,0.0657496228814125,True,0.4366455376148224,0.09906663745641708,True,2.67149232513475e-07,0.016743137100162245,0.010470776818692684,273.2522888183594,8
73732,False,arm:natural_gradient_r0,wrong_fisher_natural_gradient,1,0.04,True,True,17,0.6351501453521686,0.10606683221034474,0.6625985186547041,0.06404629210010171,0.0007599259777801433,0.0021587521659967024,0.33217110950499773,0.006498916083381485,0.0004364332407931215,0.003983211957220859,0.03688209083651265,1.883422129367318e-08,0.02790992707014084,0.06582850217819214,True,0.43628570437431335,0.09909968078136444,True,3.213120010059356e-07,0.01344389036345748,0.005015410948544741,273.2259826660156,8
73732,False,arm:natural_gradient_r0,wrong_fisher_natural_gradient,2,0.02,True,True,34,0.6347480510426546,0.10587527896186254,0.6626807058928534,0.0640152419655351,0.0005616775964646504,0.0015647206455469131,0.3320960260462016,0.004711651217799358,0.00032292347776774477,0.00210629093569147,0.01875258302618522,1.8588384165241223e-08,0.02770412527024746,0.06579042971134186,True,0.4363041818141937,0.09906759858131409,True,2.789400639358064e-07,0.012301101416713277,0.0033794556511566043,274.278564453125,8
73732,False,arm:natural_gradient_r0,wrong_fisher_natural_gradient,3,0.01,True,True,67,0.6345583108528586,0.10581555425888015,0.662630558712408,0.06400047245551832,0.00031169289434339087,0.0009126853663019574,0.33199460129253566,0.0027490970116642002,0.00018478283911349536,0.0010558403866926336,0.00940841543245574,1.8769311438404657e-08,0.023564860224723816,0.06578589975833893,True,0.43633604049682617,0.09906984865665436,True,2.781578416488628e-07,0.010963637640284697,0.0018441500142216682,274.3228759765625,8
73733,True,,adam,0,0.08,True,True,11,0.7484616998314471,0.4920685272995753,0.8488181550055742,0.5891787000000477,0.0016677189364456653,0.00251676236075582,0.5925335418432951,0.004247459735235407,0.0006801552626711782,0.004477875862895027,0.007515600818045111,1.741390498466444e-08,0.024948425590991974,0.04869480058550835,True,0.28219130635261536,0.08102919161319733,True,3.0325671218633943e-07,0.009171634170431424,0.003934588748961687,94.44181060791016,8
73733,True,,adam,1,0.04,True,True,22,0.7406891991347487,0.42884210187925265,0.8409263235516846,0.516725619265344,0.0008767475105158039,0.0015419410635786335,0.5738858929253183,0.0026868425981317707,0.000402699197735501,0.0022212249703461836,0.004261130208217098,1.7540653374226167e-08,0.0183254461735487,0.04734000936150551,True,0.27364999055862427,0.0790175199508667,True,2.913513128532941e-07,0.006391046182563557,0.0024405698059126735,94.1333999633789,8
73733,True,,adam,2,0.02,True,True,42,0.7337196337586983,0.39978836995476863,0.8347566276788712,0.4835007060319185,0.0006448726899192136,0.0011669344976326101,0.5647176094353199,0.0020664035938235876,0.00028436512820917415,0.0010937666446492757,0.0019673426399106873,1.9989849775470248e-08,0.01712837442755699,0.04770762845873833,True,0.2729990780353546,0.07984475791454315,True,3.1707730840935255e-07,0.006634253690288199,0.0013630986213684082,94.6073989868164,8
73733,True,,adam,3,0.01,True,True,83,0.7280977975559466,0.3787247166504053,0.8284050971269608,0.4594395738095045,0.000408927597971882,0.0007594306857754418,0.5591529598459601,0.0013581805700977703,0.0001827487716923315,0.0005538002610499406,0.000985530082122006,1.9351018565316735e-08,0.01665552146732807,0.04778006300330162,True,0.272758424282074,0.07947003096342087,True,3.0598084777011536e-07,0.007035785847607971,0.0005590406362898648,94.67803192138672,8
73733,True,,normalized_sgd,0,0.08,True,True,11,0.744915383081206,0.11742065083441117,0.8356574103236198,0.14549360936507583,0.0013558801554747377,0.0024124047631630674,0.32224196661263704,0.0074863146737898,0.0005937018104305025,0.0021646072407543863,0.012088841454685344,1.855217313107005e-08,0.02530664950609207,0.04693141207098961,True,0.27044621109962463,0.07934913784265518,True,3.075408585573314e-07,0.013017013277336148,0.007728388998657465,102.1714096069336,8
73733,True,,normalized_sgd,1,0.04,True,True,21,0.7449894806210664,0.11768360936771995,0.8352201450616121,0.1456124121323228,0.000941323347828985,0.001668805671215523,0.32220149133354425,0.005179385310442181,0.0004072434703630279,0.0010412344600136609,0.006213154688654324,1.7457399081877156e-08,0.022453445941209793,0.04692887142300606,True,0.27213799953460693,0.07933951914310455,True,2.9964465397824824e-07,0.013628146820212161,0.004712744615972042,102.20954132080078,8
73733,True,,normalized_sgd,2,0.02,True,True,42,0.7450437484474844,0.11767958163308948,0.8352593015879393,0.14562535984441638,0.0005586624636193882,0.001039382237877362,0.32222186401486397,0.0032256726000114496,0.00025265192959977867,0.0005097507885067342,0.0030416765632081985,1.9750149959918417e-08,0.018471239134669304,0.04788726568222046,True,0.2704879343509674,0.07933150976896286,True,3.1165546943157096e-07,0.009850525707329407,0.002404566970653832,103.46884155273438,8
73733,True,,normalized_sgd,3,0.01,True,True,84,0.7455296048300338,0.11770966251997805,0.8352659477386624,0.14562007310451008,0.00037463020901130277,0.0007065768264737926,0.32221058709546924,0.002192903817478964,0.00016856116516805741,0.00025265785789390944,0.0015128328566553903,1.8829449999202552e-08,0.017277369275689125,0.04837660863995552,True,0.27212536334991455,0.07933871448040009,True,3.459776962699834e-07,0.011843703767155584,0.0011956578819081187,103.46659851074219,8
73733,True,,normalized_momentum,0,0.08,True,True,11,0.744883473384459,0.11736665641823847,0.8355781212449074,0.1453995790798217,0.0013291464300947315,0.0023847581760492176,0.32217140682041645,0.0074021409894346095,0.0005884138136025285,0.0020423672688473305,0.011950032763038845,1.8764271914051278e-08,0.025690054520964622,0.04692633077502251,True,0.2704629600048065,0.07934752851724625,True,3.1939990208229574e-07,0.013054130146157694,0.007734093815088272,102.18872833251953,8
73733,True,,normalized_momentum,1,0.04,True,True,21,0.74557508870171,0.11761986103763912,0.8355695772916079,0.14553100196644664,0.0009378548086655723,0.001635560369322775,0.32215854804962873,0.005076880248016315,0.0004041836732540105,0.001038978736353809,0.006244575966681217,1.886997225142295e-08,0.02231229841709137,0.046964436769485474,True,0.2704477906227112,0.0793527364730835,True,3.0848272558614553e-07,0.013645712415189241,0.004064806737005711,102.20801544189453,8
73733,True,,normalized_momentum,2,0.02,True,True,42,0.745469521174604,0.1175202873210245,0.8355185305699706,0.14543597772717476,0.0005245602214584743,0.0009996116762067686,0.3221353800036013,0.0031030794450320654,0.00024242678307473398,0.0005273389013989616,0.003121940236941665,1.869555354971908e-08,0.018663858994841576,0.047937050461769104,True,0.27045738697052,0.07934432476758957,True,3.224948272873007e-07,0.009851282396027537,0.0022914966102689505,103.41972351074219,8
73733,True,,normalized_momentum,3,0.01,True,True,84,0.7457376182945175,0.11754122123655318,0.8354825030546635,0.1454126701282803,0.00035333241773720505,0.0006693077066302067,0.32212261599488556,0.0020778041447447873,0.00016025142483044874,0.00026023737380176636,0.001545701947178988,1.8723962824651608e-08,0.01730150170624256,0.04835442081093788,True,0.27045246958732605,0.07934031635522842,True,3.237836097014224e-07,0.01235631047959234,0.0010633294004946947,103.41624450683594,8
73733,True,,sign_gradient,0,0.08,True,True,12,0.7722729524828912,0.7111396023844113,0.8846090829465538,0.8700232463888824,0.0022634940588603437,0.003132986121727299,0.8662170888856053,0.003616860209670891,0.0008795370918051049,0.004029369260010825,0.008172052255222332,1.8211274266377586e-08,0.02044120989739895,0.047773826867341995,True,0.26973897218704224,0.08096718043088913,True,3.1459953220291936e-07,0.006735576589869051,0.003315142006613314,94.02980041503906,8
73733,True,,sign_gradient,1,0.04,True,True,22,0.7351192959053159,0.688224532521407,0.8405146665172651,0.8423599184025079,0.0016009230850716671,0.0019830688246429418,0.8591200488153845,0.002308255787275989,0.0006748346227141155,0.0025169517402248627,0.004933198562001013,1.808257010793568e-08,0.01669127121567726,0.04713805019855499,True,0.26542097330093384,0.07599053531885147,True,2.9658178846148076e-07,0.007050517324619395,0.00195792259182781,93.86339569091797,8
73733,True,,sign_gradient,2,0.02,True,True,44,0.7532109911182843,0.6936444983265656,0.8624382322886959,0.8490596951451153,0.0007826203294811115,0.0011951838254162794,0.8588976641185582,0.00139153228067378,0.0003264886410931922,0.001196712650577398,0.002284265550371003,1.9028483677629993e-08,0.017425088211894035,0.04952289164066315,True,0.26935845613479614,0.07906176894903183,True,3.279818940882251e-07,0.004223217076259537,0.001018415205180645,93.4769287109375,8
73733,True,,sign_gradient,3,0.01,True,True,87,0.7510874027428652,0.6860255107927917,0.8602351861190982,0.8392004584602546,0.00042813939427707617,0.0007267036519351677,0.8599065152229741,0.0008450961111124192,0.00018629928092650516,0.0005485166428614051,0.0013082591666015483,1.8878761665064303e-08,0.016308335587382317,0.04968157783150673,True,0.2696884274482727,0.07888223975896835,True,2.986545553085307e-07,0.007128885442818485,0.0004253607476130128,94.06922912597656,8
73733,True,,natural_gradient,0,0.08,True,True,9,0.6006931258602016,0.4231324248023281,0.6531826034188271,0.500760362483561,0.0019494482894155966,0.003262547768827062,1.2464743945747614,0.002617420608900747,0.0008629672925053455,0.00037696462053678204,0.004420032142690558,1.816416883571037e-08,0.018406586721539497,0.04795943200588226,True,0.2937438189983368,0.09781139343976974,True,2.8673562724179646e-07,0.003221692282566541,0.002463314449414611,92.22516632080078,8
73733,True,,natural_gradient,1,0.04,True,True,17,0.5949070680997796,0.42211335263833816,0.650305678602308,0.5012485687620938,0.0011898048548432429,0.0019882450517343386,1.2439410900697112,0.0015983434164257057,0.000531132724802319,5.7722829178245366e-05,0.0022104729164681065,1.797884507936942e-08,0.01828637160360813,0.04798801988363266,True,0.26674455404281616,0.09597908705472946,True,2.912416050548927e-07,0.00284960192059915,0.0013545308029279113,92.22516632080078,8
73733,True,,natural_gradient,2,0.02,True,True,33,0.5945395124488364,0.4214513584674093,0.6500936090014875,0.5017944793216884,0.0009972073272923666,0.001644225239942898,1.2416915390640497,0.0013241817216393906,0.0004413980987010291,0.00014666840828342134,0.0010244585994602805,1.815525152437658e-08,0.01468108594417572,0.04793829098343849,True,0.26642075181007385,0.09577418118715286,True,3.177949849941797e-07,0.0027357434629439866,0.0011505663860589266,92.53919219970703,8
73733,True,,natural_gradient,3,0.01,True,True,65,0.5944868839480536,0.42340300445110424,0.650056229904294,0.5040393099188805,0.0005179830426248101,0.0010043156801202713,1.2420160295441747,0.0008086173255661277,0.00024926342729258977,5.4302761666259506e-05,0.0005377340834974154,1.8690208491989324e-08,0.015289668925106525,0.04801907390356064,True,0.2663818299770355,0.09610618650913239,True,3.3900531093422615e-07,0.0027729834402078434,0.0006043806788511574,92.3609848022461,8
73733,True,,wrong_fisher_natural_gradient,0,0.08,True,True,11,0.7403960739998041,0.10476102482216731,0.8251020647585392,0.12963711109478027,0.0013167217376517126,0.00221363812306663,0.3637081691995263,0.006086303004792429,0.0006021889621479204,0.0007754263651580616,0.011942638353736627,1.683694783594092e-08,0.023138556629419327,0.05026743933558464,True,0.271174818277359,0.07928179949522018,True,3.668823751468153e-07,0.010441671559177856,0.005888286978006363,103.00895690917969,8
73733,True,,wrong_fisher_natural_gradient,1,0.04,True,True,21,0.7400860196930403,0.10485850681212258,0.824752283282578,0.12963512574788183,0.0007827682063267949,0.0013721866553169093,0.3643892416730523,0.003765716707267943,0.0003655289397102024,0.00043845120689305436,0.006061025198238932,1.8112791266844397e-08,0.023081809282302856,0.050280485302209854,True,0.2712104320526123,0.07928179949522018,True,3.229434071272408e-07,0.008813093462485834,0.003683347487822175,102.78363037109375,8
73733,True,,wrong_fisher_natural_gradient,2,0.02,True,True,42,0.7399875271537166,0.10491470668898543,0.824777691392228,0.12968270710553043,0.0005678808657638804,0.0009878872485842294,0.36395371868275106,0.002714321074008162,0.0002488534769895523,0.0002621246735961017,0.0030727513012879315,1.755690703930668e-08,0.02326444908976555,0.05026862397789955,True,0.27196231484413147,0.0792609453201294,True,3.3145585121019394e-07,0.00820388045828794,0.0023727534571662545,104.21370697021484,8
73733,True,,wrong_fisher_natural_gradient,3,0.01,True,True,83,0.7401116027959089,0.10488407235732207,0.8248577900230885,0.12966206396231428,0.000323302635174173,0.0006002326358611754,0.3640786267351359,0.0016486346403900261,0.00015127156146377274,0.00012604765892690933,0.0015415101585213545,1.8470821316896036e-08,0.02307147905230522,0.0502970851957798,True,0.2712075412273407,0.07927177846431732,True,3.311106695491617e-07,0.007489628446295383,0.0008340996573679149,104.21451568603516,8
73734,True,,adam,0,0.08,True,True,9,0.4678532167569915,0.37572035134886794,0.643527080421336,0.4655457340995781,0.0008605534009312516,0.003403381631414959,0.5425483182771131,0.0062729558211931285,0.0007687084703604796,0.02398429885487927,0.017143611590853477,2.0155837887614325e-08,0.02417667582631111,0.059115856885910034,True,0.448224276304245,0.09867953509092331,True,3.08126629988692e-07,0.008334854575111027,0.0057160863652825356,277.61358642578125,8
73734,True,,adam,1,0.04,True,True,16,0.46935246458381374,0.3447967019700427,0.6380818113684654,0.4250619923695922,0.0005383378089045508,0.002137054096237989,0.5096340086311102,0.004193311396109868,0.0004850734658248257,0.011833573357208459,0.006674641182368223,1.9013048913052444e-08,0.022140655666589737,0.06078321114182472,True,0.428428053855896,0.09722725301980972,True,2.9632030873472104e-07,0.0081319578847845,0.003933144616894424,275.8236999511719,8
73734,True,,adam,2,0.02,True,True,32,0.4729809446800186,0.340726420960896,0.6393545502796769,0.42094360291957855,0.0003330911675085368,0.0014236099755180476,0.4952043332159519,0.0028747930501190314,0.00029038233196843066,0.0057750853407138375,0.0035032921427999957,2.089157113971396e-08,0.02011195570230484,0.06066142022609711,True,0.42870745062828064,0.09709539264440536,True,2.8628306836253614e-07,0.007731370796369636,0.002170278108678758,276.93609619140625,8
73734,True,,adam,3,0.01,True,True,65,0.47514555280368825,0.3397421589138901,0.641339456953574,0.420262976345839,0.0002010513939272753,0.0008471335763715615,0.4893033194821328,0.0017313055984744757,0.00016906681017303526,0.002866419796805009,0.0018295269270706394,2.1585190523865094e-08,0.019948279485106468,0.06081263720989227,True,0.42995578050613403,0.09707345068454742,True,2.946306381090835e-07,0.005638929752391843,0.0011195354163646698,276.64678955078125,8
73734,True,,normalized_sgd,0,0.08,True,True,8,0.49022814225393024,0.11206840281136986,0.6394468769431114,0.135796164162457,0.0005534660372727002,0.002420575881842524,0.2486575711518526,0.009734575426880138,0.0005066872618044727,0.022008375949979377,0.01412913931299533,2.1922815562902542e-08,0.027971800416707993,0.06590819358825684,True,0.3189840614795685,0.08456000685691833,True,2.8070314783690264e-07,0.0147715112835935,0.009473987389355898,258.1002197265625,8
73734,True,,normalized_sgd,1,0.04,True,True,16,0.4905482677025881,0.11300917858580836,0.6396418940275908,0.1371964616701007,0.0004193499117384671,0.0019503746952977963,0.24864684883505106,0.007843955008622082,0.00036172543696011417,0.010984540015629035,0.007059265215392327,1.9904472736698153e-08,0.02586350031197071,0.06593714654445648,True,0.31900936365127563,0.08457467705011368,True,3.103077972355095e-07,0.018450224709073502,0.006109196459874511,258.10528564453125,8
73734,True,,normalized_sgd,2,0.02,True,True,32,0.49053685373746964,0.11304878501371012,0.6395878717303276,0.1371033457107842,0.0002635787007933367,0.0012042025009577628,0.24862862238660455,0.0048433784067117205,0.00022939415680411912,0.005492722043354887,0.0035097666417915163,2.1742872391428136e-08,0.023848991841077805,0.06616561859846115,True,0.31627193093299866,0.08445769548416138,True,2.85835739077811e-07,0.014169876829574084,0.003264501574449241,258.8450622558594,8
73734,True,,normalized_sgd,3,0.01,True,True,64,0.49061137335743743,0.11304736998787214,0.6395596992224455,0.1370468356180936,0.0001764008957027407,0.0008414613695322259,0.24861582298763096,0.0033845849367925788,0.0001497724623504837,0.002745284663962406,0.0017470600172469904,2.0449217430495992e-08,0.01918048970401287,0.06614397466182709,True,0.3162696361541748,0.08444903790950775,True,2.9117686040081026e-07,0.013523186399678548,0.002263192320242524,258.973388671875,8
73734,True,,normalized_momentum,0,0.08,True,True,8,0.4900676028591411,0.1119254113097782,0.639297004789114,0.1356802461668849,0.0005517049192806965,0.0024210400151787326,0.24858136475086212,0.009739426837587736,0.000507059570736601,0.02208266989212429,0.014242239845128528,1.8432023907166695e-08,0.028046291321516037,0.0659751296043396,True,0.3162602484226227,0.08444640040397644,True,2.753449166448263e-07,0.014823847619056177,0.009510509669780731,258.8249816894531,8
73734,True,,normalized_momentum,1,0.04,True,True,16,0.49032418329806227,0.11187167568371953,0.6393642220646143,0.13569495407864451,0.0004204221302050884,0.0019532898004399613,0.24855499807745218,0.007858581865375714,0.00036242869464331307,0.010995558558541924,0.0070703666187064765,1.8788860245422256e-08,0.02579888328909874,0.0659308135509491,True,0.3189704120159149,0.08456677943468094,True,2.921320003679284e-07,0.01859206751214851,0.006118596298620105,258.0509948730469,8
73734,True,,normalized_momentum,2,0.02,True,True,32,0.49039571099916074,0.11219675235113122,0.6393912043422461,0.13600794109515846,0.00026111703976596385,0.0012018678380627534,0.24854365549981594,0.004835640787715233,0.00022862268485823733,0.005494393838914732,0.0035289812203786047,1.916609804197833e-08,0.023906413465738297,0.06614307314157486,True,0.3163033425807953,0.08444564789533615,True,2.9314341531971877e-07,0.014492964588322681,0.0032387631945312023,258.8004150390625,8
73734,True,,normalized_momentum,3,0.01,True,True,64,0.4905149769271765,0.112405294352354,0.6394211505539715,0.136238252511248,0.00017562169784589475,0.0008361247821540019,0.2485316451638937,0.003364258831516691,0.00014905783626772973,0.002743242938207456,0.001751478366351497,2.0875276618426142e-08,0.019227048382163048,0.06617553532123566,True,0.3162704110145569,0.08445356041193008,True,3.37640159386865e-07,0.013504389816232547,0.002232314203865826,258.2644958496094,8
73734,True,,sign_gradient,0,0.08,True,True,9,0.4874000911705418,0.5223071113769797,0.6677043428644538,0.6561509072780609,0.0008834737498678977,0.003123887800029479,0.668179964646697,0.004675219200386003,0.0007456870916939806,0.022737500630257593,0.014885262393613792,1.897064727529596e-08,0.026451466605067253,0.061609670519828796,True,0.42947104573249817,0.09836946427822113,True,2.7342599651092314e-07,0.006379110656489215,0.004292018711566925,271.3055419921875,8
73734,True,,sign_gradient,1,0.04,True,True,17,0.4812939672795117,0.5138371880667577,0.655162753071636,0.6401174063794315,0.0005334547132408788,0.0024924621520767687,0.6667555226013064,0.003738194986901013,0.0005094336336242122,0.011683203658697638,0.006990135733427454,1.9008689733368556e-08,0.023640627041459084,0.06096544489264488,True,0.4291687607765198,0.09903357923030853,True,3.1046917570165533e-07,0.0078034264879978605,0.003655486274510622,275.42230224609375,8
73734,True,,sign_gradient,2,0.02,True,True,33,0.48583485518822195,0.5175926640198961,0.6590193109586835,0.6437566559761763,0.000405642168899513,0.0017045157474058215,0.6671607289463282,0.0025548802161929206,0.0003587784292449214,0.005780304279035479,0.0037269549368541066,2.0715409831950637e-08,0.02272787131369114,0.06047728657722473,True,0.4291672110557556,0.09895876049995422,True,2.886647223476757e-07,0.0072449119117743285,0.0020596368703991175,276.33270263671875,8
73734,True,,sign_gradient,3,0.01,True,True,66,0.485005281021029,0.5178613533688523,0.6589231872931123,0.6440337868407369,0.0003026098084338911,0.0012503435316375544,0.667371834628284,0.0018735335636901381,0.0002673942198612167,0.002935692814307838,0.0018972632623928537,2.0784787224670254e-08,0.019366055727005005,0.06155349686741829,True,0.42838600277900696,0.0989471971988678,True,3.136069040010625e-07,0.0073270193104952065,0.0010941611835733056,278.4336853027344,8
73734,True,,natural_gradient,0,0.08,True,True,7,0.36105476642516304,1.236749824220308,0.4907904458232224,1.4662572909146547,0.0022571178008958235,0.007779936536735477,1.105719430372119,0.0070360855774391304,0.0018538427235625932,0.028088887448022768,0.015394517459401647,1.841299734905988e-08,0.03134841099381447,0.0737091451883316,True,0.39977219700813293,0.11974849551916122,True,3.3444050018260896e-07,0.011717565798560122,0.0068271579220891,236.9136505126953,8
73734,True,,natural_gradient,1,0.04,True,True,13,0.35959593766929904,1.2364651996253304,0.48907433124259114,1.4649212202057242,0.001198368137894883,0.004888630308414577,1.0797689016908407,0.004527478334261463,0.0009818671655921207,0.013930601484631497,0.007218420008770375,2.005870847199276e-08,0.02770412527024746,0.07399673014879227,True,0.40187638998031616,0.11938850581645966,True,2.921651969245431e-07,0.0074596302996728005,0.004496528301388025,237.31761169433594,8
73734,True,,natural_gradient,2,0.02,True,True,25,0.36008979244992606,1.2290227943474883,0.48938691010698676,1.4555518552660942,0.000785019070431131,0.0032596024275335367,1.0835553165525198,0.0030082473665529233,0.0007050862407140812,0.006895613731912236,0.0035287566850210894,1.9392613737068132e-08,0.02631816826760769,0.07396205514669418,True,0.4011656939983368,0.11955428123474121,True,3.097525507200771e-07,0.007880409412351299,0.002476861933246255,239.8596954345703,8
73734,True,,natural_gradient,3,0.01,True,True,49,0.35956423543667754,1.214071830485086,0.4886977174319327,1.4373034229502082,0.00038723795344024214,0.0016836246365983243,1.0754199214279652,0.0015655509099764232,0.00033478024022315367,0.0034868497821138283,0.0018875933240006086,1.9967940190213085e-08,0.023923859000205994,0.07345131784677505,True,0.4010678231716156,0.1191510260105133,True,2.9525276090680563e-07,0.006227659533199045,0.0012583071365952492,239.9644012451172,8
73734,True,,wrong_fisher_natural_gradient,0,0.08,True,True,8,0.468381362803881,0.07786765015883809,0.6181004475802183,0.09460079669952393,0.0007427647464163975,0.0034085964143741876,0.3108815010637045,0.010964294764118861,0.0006535758584504947,0.026136868606778503,0.016217320008508788,1.9672500073397714e-08,0.03164367750287056,0.07573318481445312,True,0.42297521233558655,0.08860316127538681,True,3.074763696986338e-07,0.01768909768702663,0.010731475427746773,262.6369323730469,8
73734,True,,wrong_fisher_natural_gradient,1,0.04,True,True,16,0.4683368000580118,0.07768535795230513,0.618047165684402,0.09446281963028014,0.00040184161952635015,0.001870230784334126,0.3113864315673709,0.0060061409063981224,0.000363107531939022,0.013236891986000856,0.0089962917206304,1.9860037170360556e-08,0.027064118534326553,0.07578437775373459,True,0.4230594336986542,0.08865516632795334,True,2.916654295859189e-07,0.014790610855591933,0.00457790307700634,262.4067687988281,8
73734,True,,wrong_fisher_natural_gradient,2,0.02,True,True,31,0.4681835624006567,0.0776505918370713,0.6180480653420091,0.09440580138470978,0.00026615781794407645,0.0012124867089369218,0.3111757440492511,0.0038964692207661806,0.00022250232541409787,0.006672861993555773,0.004513898165811049,1.950203198930467e-08,0.023105042055249214,0.07585284113883972,True,0.4230464696884155,0.08865588158369064,True,3.1661204502597684e-07,0.01373973419356673,0.0029283843468874693,262.56866455078125,8
73734,True,,wrong_fisher_natural_gradient,3,0.01,True,True,62,0.4679424243055303,0.07765017276014544,0.6180383651517332,0.09439194563310593,0.00018581061495404926,0.0008058095111209695,0.31079082004725933,0.0025927712761864615,0.0001525710465557495,0.003341980794656076,0.0022982312980872827,1.9736948075887994e-08,0.020528508350253105,0.07582765817642212,True,0.4230572283267975,0.08864835649728775,True,2.967706507206458e-07,0.01376769870025573,0.0018135947175323963,263.5577697753906,8
73735,True,,adam,0,0.08,True,True,8,0.5454272324853878,0.346197310164454,0.6153364144265652,0.43415275029838085,0.0018656759993318241,0.003116117928584572,0.49733592942357063,0.00626561996475151,0.0009952427408279618,0.001665810699694429,0.024071736499434747,1.7233553251116973e-08,0.04805755242705345,0.08444339036941528,True,0.4317014217376709,0.07493741065263748,True,3.4674098969844636e-07,0.01258927944306018,0.004583174595609307,86.73701477050781,8
73735,True,,adam,1,0.04,True,True,16,0.5561801607594636,0.3393899013193448,0.6162943989038467,0.4291096040979028,0.0006792249589655223,0.0018230287669211975,0.4342929068952799,0.004197694086126948,0.0005020930420869263,0.0002827007185740574,0.015350474283436237,1.765346269166912e-08,0.047894738614559174,0.08369024842977524,True,0.42976999282836914,0.07338311523199081,True,3.5768675843428355e-07,0.01302275063910401,0.003305762307718396,87.01030731201172,8
73735,True,,adam,2,0.02,True,True,31,0.5572214361419898,0.3241715320259692,0.6097086328081787,0.40433922153897583,0.0004273899841838268,0.0011404936926737719,0.3906895094551146,0.0029191817672923736,0.0003100458628182423,8.819022794797576e-06,0.007302889531362651,1.8887675423684414e-08,0.04781000316143036,0.08382774889469147,True,0.42915889620780945,0.07348181307315826,True,3.212822718978714e-07,0.009375306938498699,0.001384330214932561,86.79627227783203,8
73735,True,,adam,3,0.01,True,True,61,0.5585236443448943,0.3144522396843055,0.6072173102293164,0.3882266457658261,0.0002125064460670381,0.000547084783875107,0.3716753483749926,0.0014719426140771094,0.00014713596272031282,2.5476094238750146e-05,0.004165399492296109,1.8500051268688367e-08,0.04888301342725754,0.08392024040222168,True,0.42840608954429626,0.07341992855072021,True,2.9705836368520977e-07,0.013597858514729203,0.00039528083289042115,86.56737518310547,8
73735,True,,normalized_sgd,0,0.08,True,True,8,0.5243099531502788,0.12879995058083946,0.5760405538603663,0.15852146106772125,0.0014575741584104513,0.0033005477889673784,0.2414899910800159,0.013667430994578018,0.0007528293444920564,9.631382929048995e-05,0.029577605700913178,1.7544579122841242e-08,0.04789349436759949,0.0735195130109787,True,0.3928934931755066,0.07063636928796768,True,3.1322787208409864e-07,0.03380516826077832,0.012817868497222662,85.3288803100586,8
73735,True,,normalized_sgd,1,0.04,True,True,15,0.5246571130297697,0.12896228415768052,0.576017658226192,0.15886495914310217,0.0006886416313833061,0.0017290487794525689,0.2414317368529737,0.0071616466086458185,0.0004145562938902003,9.058739953133443e-05,0.01529467193277949,1.7109391237113414e-08,0.048186417669057846,0.0735195130109787,True,0.3928931951522827,0.07062916457653046,True,3.1683052270636836e-07,0.021902630805523095,0.0052786036394536495,86.44219207763672,8
73735,True,,normalized_sgd,2,0.02,True,True,29,0.5245030245303055,0.12906435841537267,0.5760220494121313,0.15895339916460216,0.0005557742311969357,0.0012000699555301253,0.24142585834488273,0.004970759817350618,0.00029025156663919915,0.0001529458282954844,0.00797333715070963,1.915976177713219e-08,0.04776383936405182,0.07348217815160751,True,0.3929070234298706,0.0706336721777916,True,3.035918894056522e-07,0.04213627120507396,0.001674784580245614,86.43390655517578,8
73735,True,,normalized_sgd,3,0.01,True,True,58,0.5243966658653517,0.12915264443186242,0.5759950436186045,0.1590311512700282,0.0002769767103549117,0.0006570527871190279,0.2414163053035736,0.002721658697795098,0.00015289612795754692,0.0001030202692589155,0.004046272070047104,1.796157889089045e-08,0.04780751094222069,0.07369053363800049,True,0.39305412769317627,0.07065166532993317,True,3.1932430033521086e-07,0.03775371543413697,0.0005659138259943575,86.43596649169922,8
73735,True,,normalized_momentum,0,0.08,True,True,8,0.5240743186238741,0.12857116587225992,0.5759007446467876,0.15821490832604468,0.0014597285510481463,0.003310267078632023,0.24144105706363916,0.013710456369313779,0.0007546185279352358,7.294428836970578e-05,0.029439497527268464,1.9605268519740093e-08,0.0479283407330513,0.0735195130109787,True,0.3929114043712616,0.07064357399940491,True,3.111315436399309e-07,0.0338481133704976,0.0130275534465909,85.33746337890625,8
73735,True,,normalized_momentum,1,0.04,True,True,15,0.5245613503540891,0.12869872903152715,0.576018531806767,0.15861549810506403,0.0006877512268243563,0.0017351014621453942,0.24138977052643895,0.0071879659952506225,0.00042122261993426946,9.966987014064053e-05,0.015264258008450007,1.7396946105918687e-08,0.04761379584670067,0.07348866760730743,True,0.3929117023944855,0.07063277065753937,True,3.3650499631221464e-07,0.02195319036350391,0.005371150095015764,86.45132446289062,8
73735,True,,normalized_momentum,2,0.02,True,True,29,0.5244083284109072,0.1289375946239786,0.5759822512045503,0.15885343332774937,0.0005569766566522388,0.0012048746955315437,0.24138232925906777,0.004991561309520678,0.0002934508994485441,0.00015684261769991723,0.008005085540651309,1.8145138724889875e-08,0.04769512638449669,0.07351788878440857,True,0.3928913176059723,0.07062061876058578,True,3.320269570394885e-07,0.041939959619169395,0.00162217125762254,86.44145965576172,8
73735,True,,normalized_momentum,3,0.01,True,True,58,0.5243604089575336,0.12911143287287422,0.5759460725821555,0.158994653087575,0.0002773455553749203,0.0006591722950588519,0.24137277179397643,0.0027309306271773187,0.00015425311133299147,0.00010304033505784811,0.004057502679309374,1.8708071536366333e-08,0.04775385186076164,0.07371561974287033,True,0.3930530250072479,0.07063186913728714,True,3.2303282182510884e-07,0.03758195923986538,0.0005515147640835494,86.43885040283203,8
73735,True,,sign_gradient,0,0.08,True,True,9,0.6180638149821888,0.4923790916760201,0.687033599242568,0.6381728909909725,0.0013436223784000756,0.002999119271407835,0.680026475340128,0.004410297804813805,0.0008505953246640274,0.0018927941348958228,0.026099604765252946,1.689472561849925e-08,0.04799920320510864,0.07469566911458969,True,0.39655590057373047,0.07158365100622177,True,3.5578761981014395e-07,0.007304753328448103,0.003069846658036113,86.73658752441406,8
73735,True,,sign_gradient,1,0.04,True,True,17,0.5840225720082582,0.5267747628556283,0.6439385461853817,0.6707942399661988,0.001059294943354483,0.0022647179160912856,0.6812397658359259,0.0033244065153952484,0.0007921855986978699,0.0022944095813899282,0.017247573668035147,1.8341090424200956e-08,0.04909602180123329,0.08420632034540176,True,0.4278683066368103,0.07315967231988907,True,3.3233484941774805e-07,0.010844840278990377,0.002211854560300708,86.99764251708984,8
73735,True,,sign_gradient,2,0.02,True,True,33,0.5897302369959543,0.539593338938913,0.6468400519806892,0.6775911380536854,0.0005775015569179531,0.0014555725699665345,0.6814087964594364,0.0021361223652080976,0.00040833718696831056,0.0007845884520918387,0.008308792741191092,1.9481518620523275e-08,0.04792585223913193,0.08497387170791626,True,0.4280710816383362,0.07394067943096161,True,3.147340805753629e-07,0.013301879002568719,0.0010387569200247526,86.72505187988281,8
73735,True,,sign_gradient,3,0.01,True,True,66,0.5963202215328929,0.5389158683523045,0.6507913711539004,0.6739364638051484,0.0004314759091134395,0.0009471429973473278,0.6810158852022141,0.0013907795954951807,0.0002607754025234499,0.0006352403279624517,0.0035337399827953934,1.8479035190921422e-08,0.04766261205077171,0.08468403667211533,True,0.4283495545387268,0.07405494898557663,True,3.050455177344702e-07,0.017394142842560734,0.0003460695152170956,85.61143493652344,8
73735,True,,natural_gradient,0,0.08,True,True,6,0.37102800709716066,0.6668834241849858,0.42355802282691,0.8342905696481466,0.0026431513461364,0.0058179768257105025,0.6232206709682941,0.009335339947359493,0.0018551361026766244,0.006248042226218457,0.04073352872790912,1.767360480187108e-08,0.05150489881634712,0.0851394459605217,True,0.43394017219543457,0.0798531249165535,True,3.833100947758794e-07,0.017254356346013588,0.008604914415627718,84.24451446533203,8
73735,True,,natural_gradient,1,0.04,True,True,11,0.3741566328948715,0.6527319170620296,0.42472376581281424,0.8128305114805698,0.0013748841046918316,0.003518380362947937,0.6226862892508507,0.005650325731727407,0.0010188402657149709,0.0030964740601550954,0.019538974127231757,1.7858111434065904e-08,0.04980504885315895,0.08542145788669586,True,0.43623998761177063,0.07983241230249405,True,3.2265964478028764e-07,0.015612734839970393,0.005161651410162449,84.24451446533203,8
73735,True,,natural_gradient,2,0.02,True,True,22,0.37476151023238746,0.6521172169238522,0.4244420527247712,0.8137299963273108,0.000926841714865971,0.0021194624835061404,0.6198985744267702,0.003419047197303269,0.0006108947450513824,0.0015227202232955667,0.010245934156244658,1.8232301002285567e-08,0.04769637808203697,0.08550456166267395,True,0.43636554479599,0.0798654556274414,True,3.1810603218218603e-07,0.00936288606599228,0.0014016426866874099,84.24451446533203,8
73735,True,,natural_gradient,3,0.01,True,True,43,0.37523114484350867,0.6498325767500733,0.42433664854615927,0.8082876105327159,0.0005650765190662236,0.0011989980939688394,0.6216879934072495,0.0019286170984219267,0.0003214900263515119,0.0008620335313103399,0.005007866986027261,1.9846151388946964e-08,0.04771137982606888,0.08548152446746826,True,0.4363587498664856,0.07989132404327393,True,3.2016700401982234e-07,0.017789870213027064,0.0005872793844901025,84.24451446533203,8
73735,True,,wrong_fisher_natural_gradient,0,0.08,True,True,8,0.5151504181551554,0.08870112613854984,0.5647247829474509,0.11131610960001126,0.001562978729478601,0.002957878257120683,0.2766376566141844,0.010692247372691994,0.000787988286788277,0.0009810451392607993,0.028454782292747345,1.69158500540334e-08,0.04944939166307449,0.07015203684568405,True,0.3742969334125519,0.06429312378168106,True,2.604202506972797e-07,0.030944324434320724,0.006924695800989866,84.24451446533203,8
73735,True,,wrong_fisher_natural_gradient,1,0.04,True,True,15,0.5157849112684085,0.08884440486084874,0.5647422287147492,0.11130413232604042,0.0006877858830971757,0.001528028499251377,0.2766324249096215,0.005523678215778931,0.0004067515851886583,0.0005029360904742209,0.014088508053448742,1.8239299848232804e-08,0.04939751327037811,0.07016309350728989,True,0.37452182173728943,0.06429906189441681,True,2.737855879786366e-07,0.020330858114061847,0.003390711033716798,84.24451446533203,8
73735,True,,wrong_fisher_natural_gradient,2,0.02,True,True,29,0.5161955449577929,0.08905803524072793,0.5646778752561659,0.111400522000622,0.000511693890421959,0.000986286973670758,0.27680015936493874,0.0035631734314517426,0.00024059721422986513,0.00025347475017134394,0.007010311635232292,1.955984707535663e-08,0.04835195094347,0.07018519192934036,True,0.37462738156318665,0.06428422033786774,True,2.9514413313336263e-07,0.03896585322898362,0.001167782349511981,84.24451446533203,8
73735,True,,wrong_fisher_natural_gradient,3,0.01,True,True,57,0.5161064911421138,0.08910108247252965,0.56470104935579,0.11136574577540159,0.0002971279214744092,0.0006670117020348698,0.2769113378599286,0.0024087554781605496,0.00016233286061151375,0.00012789103183215975,0.0035321014704088683,1.9314569499329082e-08,0.04859060421586037,0.07014608383178711,True,0.37472429871559143,0.06426246464252472,True,3.636948804341955e-07,0.03703722270327746,0.0005220134626142681,84.36878204345703,8
73736,True,,adam,0,0.08,True,True,6,0.4562247929120624,0.24280916568684613,0.47715701535344124,0.29508071951568127,0.0010914324309613493,0.0024775015335762873,0.3889218829572201,0.006370177771274452,0.0006591603523702361,0.0077512216841604566,0.023841221398215894,1.665796389715979e-08,0.05533279478549957,0.07056325674057007,True,0.3173064887523651,0.06694500893354416,True,2.493010526904982e-07,0.012089849712481768,0.005688656121492386,236.36790466308594,8
73736,True,,adam,1,0.04,True,True,12,0.4586624494295372,0.1977365560824287,0.477109108120203,0.24453349132090807,0.0006171106413610018,0.001782448853191454,0.35863451659679413,0.004970098444805933,0.00044144911498733563,0.004391964030529437,0.011919342062268455,1.799865856355609e-08,0.04869602620601654,0.07483531534671783,True,0.3221453130245209,0.06872484087944031,True,2.6117859874830174e-07,0.00890711006959232,0.004583558766171336,236.25289916992188,8
73736,True,,adam,2,0.02,True,True,24,0.4506666101974833,0.1868155760317348,0.47014193097129464,0.23417938943021,0.00032205426500506314,0.0009450764587199956,0.3288915855810046,0.0028735197255061037,0.00022907921334081038,0.0022412960033651686,0.0058341489081697485,1.915357294990372e-08,0.04818518087267876,0.07440436631441116,True,0.32183414697647095,0.07074339687824249,True,2.625439208259195e-07,0.006538289326329711,0.0028439953457564116,238.22259521484375,8
73736,True,,adam,3,0.01,True,True,47,0.44934699591336397,0.18137566055052973,0.4688612576574087,0.22941253776662052,0.0001959410832828216,0.0006002225379688753,0.31993331713601947,0.0018760863774424936,0.00013223619356494964,0.001167069585905031,0.003042227592179638,2.0111533771682844e-08,0.048089802265167236,0.07441078126430511,True,0.3218463957309723,0.07080582529306412,True,2.577702957751171e-07,0.011645418628377856,0.0013144613476470113,238.92135620117188,8
73736,True,,normalized_sgd,0,0.08,True,True,6,0.4384516120578991,0.056666038908592856,0.46651726216077805,0.07135186158120632,0.0008873741440788634,0.002750908475718461,0.17513009160757065,0.01570780012998944,0.0006454328758991323,0.006582143404937259,0.017492576630720822,1.7227682391762755e-08,0.05456441640853882,0.072346530854702,True,0.31634053587913513,0.06611647456884384,True,2.747603957686806e-07,0.04118680568904586,0.011453476268798113,236.708740234375,8
73736,True,,normalized_sgd,1,0.04,True,True,12,0.43876405659596474,0.05669934593981001,0.46647053118795156,0.07155777676962316,0.0005540869613794692,0.0018293023986188928,0.17511731665581465,0.010446153661743835,0.00041958266501751496,0.00327097057366248,0.008963448053608226,1.8212990227084447e-08,0.04874620586633682,0.07239599525928497,True,0.31633996963500977,0.06609723716974258,True,2.554281195443764e-07,0.03208556043831513,0.00816917372867465,238.47091674804688,8
73736,True,,normalized_sgd,2,0.02,True,True,24,0.438880669150372,0.05673685115699177,0.46644339454360306,0.07150191511027515,0.00030928150025400994,0.0009774077394695269,0.1751007477287203,0.005581973533224443,0.00022741710895957112,0.0016772987153955996,0.004367566376127641,1.8666385770416127e-08,0.047553651034832,0.07243635505437851,True,0.3163675367832184,0.06610061228275299,True,2.52018708124524e-07,0.018128690482277,0.0027398128295317292,238.6648712158203,8
73736,True,,normalized_sgd,3,0.01,True,True,47,0.4387394364886729,0.05676263603302895,0.46642258460633457,0.07155041600344703,0.00018647265252571532,0.0006019550543214791,0.17509316350333393,0.00343791295032497,0.00014423664222817933,0.0008490441677003297,0.0021924378389423715,1.8353629727130283e-08,0.04755740985274315,0.07244212180376053,True,0.3164466619491577,0.06610974669456482,True,2.68440942363668e-07,0.0343681863933933,0.0012912388192489743,239.111328125,8
73736,True,,normalized_momentum,0,0.08,True,True,6,0.4385020263719085,0.05669628486675829,0.4665970578789711,0.07138909678906202,0.000887896411296244,0.002754750777967274,0.17514251545071602,0.01572862403442209,0.0006464068501372822,0.006549034223253517,0.017340286465718665,1.881716293894442e-08,0.05456441640853882,0.07236962020397186,True,0.3163321018218994,0.06610734760761261,True,2.389814142134128e-07,0.04118680568904586,0.011455129832029343,236.70980834960938,8
73736,True,,normalized_momentum,1,0.04,True,True,12,0.43884330639735264,0.05659686746725161,0.46658551786094904,0.07141621643677354,0.0005533840024653594,0.0018271462977281772,0.17509864922612906,0.010434953700690922,0.0004189819505882042,0.0032778322025239707,0.00894576062774206,1.9431887210430432e-08,0.04874620586633682,0.07239928096532822,True,0.3163366913795471,0.0661020502448082,True,2.5874138032122573e-07,0.03208556043831513,0.008056185441091657,238.45980834960938,8
73736,True,,normalized_momentum,2,0.02,True,True,24,0.43896063991039413,0.05671274850752102,0.46652171993628144,0.07146887824637815,0.0003089751181949766,0.0009763247447835965,0.17507698643021286,0.005576545294105617,0.00022721907095046845,0.0016752177070192904,0.004359059118909181,1.8558699466098005e-08,0.047553651034832,0.07240423560142517,True,0.31634435057640076,0.06611551344394684,True,2.7512967903930985e-07,0.018137502663401257,0.002714190457481891,238.662109375,8
73736,True,,normalized_momentum,3,0.01,True,True,47,0.43878936643558475,0.0567042021282574,0.4665001202374697,0.07148010318633169,0.00018557257616810458,0.0006013441831100863,0.17507190024480224,0.0034348412410514164,0.0001439467799571048,0.000848650749992558,0.0021868455338823556,1.8626829856316363e-08,0.047586239874362946,0.07243965566158295,True,0.3164610266685486,0.06611359119415283,True,2.596961792278307e-07,0.03436444222659691,0.0013344823382794857,239.111328125,8
73736,True,,sign_gradient,0,0.08,True,True,7,0.48386266490500435,0.3796387167927512,0.5031710648909211,0.48170984350144863,0.0010250550424484946,0.002831216945196502,0.48730294965207577,0.005809972927965924,0.00074407159081602,0.008945953432671214,0.024392654326734167,1.7415880293469854e-08,0.05532417073845863,0.074891097843647,True,0.31888124346733093,0.06975418329238892,True,2.564692067608121e-07,0.012088354267063553,0.00459275022149086,240.94972229003906,8
73736,True,,sign_gradient,1,0.04,True,True,13,0.4770624422964166,0.38045127964425945,0.4957846384495497,0.48361864034086466,0.0006575464489285476,0.0018969809079862898,0.4887572769075632,0.0038812330733749025,0.0004496737210502033,0.004086875330569072,0.01132189960318971,1.842901831139443e-08,0.048741310834884644,0.0744292214512825,True,0.321714848279953,0.06958673149347305,True,2.4992229441522795e-07,0.008908197616357373,0.0036706177052110434,238.3357696533203,8
73736,True,,sign_gradient,2,0.02,True,True,25,0.46926159294301867,0.3798159258424405,0.4891072753816843,0.4835583330132067,0.00038592526634094465,0.0010881460289056122,0.4879885884001851,0.002229859580268003,0.00025685958667054365,0.0023171772578206677,0.005972835548735208,1.9278079577134122e-08,0.04824825003743172,0.07444845139980316,True,0.32217147946357727,0.07075148820877075,True,2.612108289667958e-07,0.007291031132388422,0.001681737252511084,239.55772399902344,8
73736,True,,sign_gradient,3,0.01,True,True,49,0.46319964926182405,0.37999687778516417,0.4829969259444624,0.4830746811348945,0.0002259019173182215,0.000654276160162226,0.48806679830886424,0.0013405463400281926,0.00015498722319762237,0.0009936554678116327,0.0028930744956916247,1.8584350058858945e-08,0.04808732494711876,0.07441800087690353,True,0.32187315821647644,0.07049040496349335,True,2.5907669964908564e-07,0.005105415378192719,0.0008751157438382506,239.19955444335938,8
73736,True,,natural_gradient,0,0.08,True,True,4,0.2935093670012289,0.24631707015274665,0.31487027928233147,0.3243699073791504,0.0013989996495888508,0.004393349634483457,0.7092245519161224,0.006194581987628431,0.001101403366192244,0.00938334026258173,0.04052368590996341,1.807898719619061e-08,0.05562945455312729,0.08827798068523407,True,0.3523665964603424,0.0833769366145134,True,3.3235616569982085e-07,0.008880843252091507,0.005884153768420219,236.18898010253906,8
73736,True,,natural_gradient,1,0.04,True,True,8,0.29702305325413786,0.25786428737773,0.316561508923769,0.34057357627898455,0.0008709451673177258,0.0029370956035563722,0.7059571072459221,0.004160444839226227,0.0007185960093920585,0.005827754299337595,0.019715784084520804,1.8663550704900445e-08,0.05485871061682701,0.08841849118471146,True,0.3613830804824829,0.08556827157735825,True,2.4112975438583817e-07,0.006894289843364964,0.004246939322911203,236.18898010253906,8
73736,True,,natural_gradient,2,0.02,True,True,16,0.2975637563979507,0.23785904271644745,0.3161936001852155,0.3100179540924728,0.0004185824763415612,0.001661640510064899,0.6934767886996269,0.002396101119953451,0.00037507511069634347,0.00275967530016672,0.009914338915937517,1.830473550512579e-08,0.048251956701278687,0.08886489272117615,True,0.3603769838809967,0.084221750497818,True,2.5431901917727373e-07,0.0059300843954634055,0.0018387534655630589,236.18898010253906,8
73736,True,,natural_gradient,3,0.01,True,True,32,0.2982383126995346,0.24069920371574047,0.31617098790593445,0.3136362894438207,0.00033425972241843074,0.0010954333415611472,0.6928453166037798,0.0015810647994718237,0.00026409327961118834,0.001323478673785687,0.004874070125925146,1.8163333947995852e-08,0.04780002683401108,0.0885857343673706,True,0.36035585403442383,0.08420059829950333,True,2.806221743867354e-07,0.008175132014521616,0.0009222656663041562,238.66876220703125,8
73736,True,,wrong_fisher_natural_gradient,0,0.08,True,True,6,0.44276074203749777,0.05579835912403431,0.47191430628299713,0.07015791442245245,0.0009013471638040967,0.002522709357435815,0.18170607276260853,0.013883462005871596,0.0006145916013338137,0.0059616970468689585,0.018202957829449924,1.7829380638545445e-08,0.0545818991959095,0.07240752875804901,True,0.31642481684684753,0.068166583776474,True,2.5694487248983933e-07,0.041032600935863174,0.008573064813390374,236.60333251953125,8
73736,True,,wrong_fisher_natural_gradient,1,0.04,True,True,12,0.44272321336115716,0.05567371612961045,0.47210785932838917,0.07016251748427749,0.0005278095989182256,0.0015673836387577467,0.18141113966703415,0.008639952549962233,0.00037783120660606073,0.003267623614745731,0.009071469455545333,1.8124874046065997e-08,0.04873519390821457,0.07242976874113083,True,0.31644073128700256,0.06777653843164444,True,2.6673555453271547e-07,0.03232481741689955,0.004835002822801471,239.21275329589844,8
73736,True,,wrong_fisher_natural_gradient,2,0.02,True,True,24,0.44335654574008404,0.05564280413350178,0.4723056275397539,0.0701323575922288,0.00028678856516163695,0.0008083394723144011,0.18173078866675496,0.004448005086230472,0.00019144007256954865,0.0016393773617132221,0.004601274681137844,1.9051050514917733e-08,0.04768262803554535,0.0723935216665268,True,0.31664103269577026,0.06758395582437515,True,2.7010622716261423e-07,0.017832902053686293,0.002718753181397915,239.26177978515625,8
73736,True,,wrong_fisher_natural_gradient,3,0.01,True,True,48,0.44330068101521114,0.055655712432019416,0.47227504721377045,0.07011826084635686,0.00016896893810287798,0.0004836205578158115,0.18150379683356732,0.0026645203365044464,0.00011174742218145184,0.0008274859052323444,0.0023342857003056036,1.9378571636252673e-08,0.04764759913086891,0.07239022105932236,True,0.3166532516479492,0.0675717294216156,True,2.7071021690971975e-07,0.035501032450947274,0.0011653639376163483,239.43167114257812,8
73737,True,,adam,0,0.08,True,True,7,0.47833963144665503,0.4766292851480844,0.494248169939965,0.469630578532815,0.001305251835134466,0.002722401570281363,0.4497414184734225,0.006053259625324554,0.00071819229697212,0.005798829904009553,0.015786328674345547,2.1364066071782872e-08,0.046512819826602936,0.06843634694814682,True,0.3872361481189728,0.07796533405780792,True,2.5777600853871263e-07,0.014677800805252399,0.003316230373457074,66.4974136352539,8
73737,True,,adam,1,0.04,True,True,13,0.47148734961755084,0.4538300826695494,0.4904271778650582,0.44155666697770357,0.0007511495125680323,0.001737388063702383,0.40930701419711113,0.004244706304655958,0.00039326988621724013,0.0019247954161763115,0.005863952936215421,1.825251771947478e-08,0.03490107133984566,0.0775262787938118,True,0.4244711101055145,0.08084498345851898,True,2.66129717374497e-07,0.010013696634187413,0.004166558384895325,68.75305938720703,8
73737,True,,adam,2,0.02,True,True,24,0.4573376826054173,0.41735604850568037,0.47885313257575035,0.4020608542487025,0.0004642219439179233,0.0011924306281798636,0.37540567573159933,0.0031763787957015486,0.0002685465728973213,0.0007804949094145488,0.003209522048936496,2.1091272728313015e-08,0.034407343715429306,0.07750549912452698,True,0.4247901439666748,0.07956038415431976,True,3.448195684541133e-07,0.011065065700272367,0.0025020509492605925,67.70226287841797,8
73737,True,,adam,3,0.01,True,True,48,0.44951496408010977,0.40751449569821563,0.4740750591736287,0.39684443234000355,0.00028075399283174093,0.0007759734386354467,0.3599245655350387,0.002155933528687987,0.00016180180301716973,0.0003041017804435623,0.0017764925389255832,1.8689089387180502e-08,0.03418483957648277,0.07765546441078186,True,0.4233470559120178,0.07919996231794357,True,2.9201964935055e-07,0.011701557234976121,0.000717851537046954,68.79937744140625,8
73737,True,,normalized_sgd,0,0.08,True,True,6,0.44983765986166013,0.10068488408313078,0.4654572606086731,0.09497977001592517,0.0010234761537552236,0.002833099220879376,0.20329875499010086,0.013935644716650266,0.0006833478400949389,0.00573369059626329,0.009368479705143191,1.8078447183711432e-08,0.05097773298621178,0.08032047748565674,True,0.4257400631904602,0.08052466809749603,True,3.001012487402477e-07,0.026401659250001278,0.013745435047894716,66.4974136352539,8
73737,True,,normalized_sgd,1,0.04,True,True,12,0.4498313568201048,0.10174272921494176,0.46499469317495823,0.09542779764160514,0.0006041643496814321,0.001559115544296219,0.20326773449778557,0.007670255922064229,0.00035689144533535,0.0027997017315079106,0.00535477604957036,1.997867293823674e-08,0.03535589575767517,0.08041699230670929,True,0.4257250428199768,0.08052071928977966,True,2.8037644028700015e-07,0.0193464866256018,0.006015745224431157,66.4974136352539,8
73737,True,,normalized_sgd,2,0.02,True,True,24,0.44950469086986133,0.10175196806025408,0.4649196022655815,0.09540829859906808,0.0003701649020866239,0.0009388404679384621,0.20324251940473914,0.004619311306945797,0.0002033420490761273,0.0013217268142735649,0.002913596228050375,1.9804053508210018e-08,0.03135601431131363,0.0804273784160614,True,0.4257374703884125,0.08052703738212585,True,3.0779889925725e-07,0.0152136759045481,0.0039373941253870726,66.4974136352539,8
73737,True,,normalized_sgd,3,0.01,True,True,47,0.4492783748180395,0.10176078570667006,0.46494060871191323,0.09551517019281164,0.00025030029296180554,0.0006655523081917636,0.2032372411340475,0.0032747556721299457,0.00014088276776647035,0.0006763373073723259,0.0014350119162629704,2.1215939227658964e-08,0.03132367879152298,0.08043406158685684,True,0.4257414937019348,0.08053098618984222,True,3.045136054424802e-07,0.020926715452935653,0.001276294351555407,66.4974136352539,8
73737,True,,normalized_momentum,0,0.08,True,True,6,0.4498694131797853,0.10058113401210429,0.46545741707086563,0.0948671349324286,0.0010240335182917523,0.0028356695256661624,0.20325780846178532,0.013951097609119894,0.0006833463921793737,0.005750846581658877,0.009455850710811663,1.8865462081407713e-08,0.05097773298621178,0.08033236116170883,True,0.42572706937789917,0.08052466809749603,True,2.920412214280077e-07,0.026401659250001278,0.01375073567032814,66.4974136352539,8
73737,True,,normalized_momentum,1,0.04,True,True,12,0.4498468638530216,0.10156988748577842,0.46499011293053627,0.09526849747635424,0.0006037031844360889,0.0015585472829116043,0.20323215518146753,0.007668802614034996,0.0003567131825548131,0.002803931391045991,0.005399921725429992,1.9153022279283505e-08,0.03535589575767517,0.08042367547750473,True,0.4257293939590454,0.08052466809749603,True,2.8344248903522384e-07,0.019334794809425515,0.005985638592392206,66.4974136352539,8
73737,True,,normalized_momentum,2,0.02,True,True,24,0.44965786818771897,0.10175755489691424,0.4649775908328593,0.09541451098630205,0.0003717500744637613,0.0009404840811839676,0.20321753318421543,0.00462796721546376,0.00020313882379241477,0.0013238068908618995,0.002900752627376376,1.9322767386142914e-08,0.03135601431131363,0.08042589575052261,True,0.42572563886642456,0.0805242732167244,True,3.4781001545525214e-07,0.015012164326516685,0.003954337909817696,66.4974136352539,8
73737,True,,normalized_momentum,3,0.01,True,True,47,0.4494324748414478,0.10176747672295898,0.46498816926032305,0.09548444702522829,0.00025064035381860153,0.0006560050592270272,0.20320497662760317,0.003228292289461163,0.00013929088234476694,0.000674425371608832,0.0014536214741729871,1.9032031062238275e-08,0.03129511699080467,0.08041328936815262,True,0.42575550079345703,0.0805211216211319,True,2.95041076014968e-07,0.02087271581495559,0.0009069344960153103,66.4974136352539,8
73737,True,,sign_gradient,0,0.08,True,True,7,0.5299276072434437,0.5718995982411611,0.5478316657245159,0.5537749454379082,0.0012857969294213056,0.0028104431985411793,0.5724935606122017,0.004909126306216971,0.0007154282538976986,0.0028589533537520815,0.013655914603758179,1.9103644888218696e-08,0.04644611477851868,0.08087792992591858,True,0.42530399560928345,0.08138541132211685,True,2.7533963020687224e-07,0.009506217971637325,0.004108767490833998,67.59329986572266,8
73737,True,,sign_gradient,1,0.04,True,True,14,0.5280889602142494,0.5820685229393404,0.5495430435985327,0.5609842799603939,0.001081717360829451,0.002678985518286936,0.5721530616283417,0.004682288181177553,0.0005710318509954959,0.00033516983278600917,0.005470448407987092,1.89195272781717e-08,0.03483952581882477,0.07743386924266815,True,0.4240439832210541,0.0793851763010025,True,3.013345235558518e-07,0.013164067256389534,0.003629914950579405,69.22196197509766,8
73737,True,,sign_gradient,2,0.02,True,True,28,0.5179442226397746,0.5880093226228862,0.5449674446135759,0.5631499530281872,0.0004743182349879449,0.0012974681824289291,0.5734262275509536,0.002262659292670108,0.0002756113884174738,0.00027631791341637454,0.0029695974239558895,1.7746630831538823e-08,0.03410802036523819,0.07760012149810791,True,0.42834511399269104,0.07809121906757355,True,2.8128926032877644e-07,0.008520179789718158,0.0019063756335526705,69.82919311523438,8
73737,True,,sign_gradient,3,0.01,True,True,55,0.5193009056644846,0.5840415427896666,0.5464991657063365,0.5578188558574766,0.00029370274122057435,0.0008039374445161229,0.5710687055252492,0.0014077770971124904,0.00018046882095745787,0.00015464274929553643,0.001347737745371232,1.9512594207071743e-08,0.03767431899905205,0.07773379236459732,True,0.4304827153682709,0.07750732451677322,True,3.046489780444972e-07,0.01666140258704905,0.0004447546089068055,68.7503890991211,8
73737,True,,natural_gradient,0,0.08,True,True,6,0.39506078700870895,0.30324946724824775,0.41186459129676223,0.27896185265854,0.00162997137893694,0.004068038469995372,0.5904123429208994,0.006890165015639567,0.0010191683804805507,0.006414781096486423,0.0024239692564388725,1.8012247693377503e-08,0.05427621677517891,0.0759754329919815,True,0.41157740354537964,0.08888614177703857,True,2.863214660919766e-07,0.014897261024082375,0.004386794753372669,71.74620819091797,8
73737,True,,natural_gradient,1,0.04,True,True,11,0.3949846922220541,0.2996461159012015,0.41322713112458587,0.273616966791451,0.0011160331409201041,0.0026688140260375803,0.5617556367069483,0.004750845121345571,0.000623900296886859,0.0030293979671386956,0.0009295476018205578,1.7715239053472942e-08,0.04120412841439247,0.07539051026105881,True,0.4106373190879822,0.08819499611854553,True,2.845028745923628e-07,0.011038157654775472,0.0028933314606547356,71.42750549316406,8
73737,True,,natural_gradient,2,0.02,True,True,21,0.39390671497426666,0.30679479590180936,0.41299421805888414,0.2804658042732626,0.0007328352342415522,0.002010065481044876,0.5644758492708206,0.003560941506428381,0.00045430013051372953,0.00142569014413389,0.001035824303144683,1.9109492654934e-08,0.0317433699965477,0.07538022100925446,True,0.41052737832069397,0.08837000280618668,True,2.8699614063043555e-07,0.009939978221562104,0.002783913165330887,71.70332336425781,8
73737,True,,natural_gradient,3,0.01,True,True,42,0.393604600201541,0.3037364144209692,0.41300389845855534,0.27696303522679955,0.0004226957750514027,0.0011933968232824554,0.5606698889750987,0.0021285195562472203,0.0002534058644982906,0.0008472647363719973,0.0005680436687887637,2.045266178640759e-08,0.034055545926094055,0.0743698850274086,True,0.41036173701286316,0.08773387223482132,True,2.946203210285603e-07,0.009597535692741214,0.001214758784044534,71.90116882324219,8
73737,True,,wrong_fisher_natural_gradient,0,0.08,True,True,6,0.4420435013562056,0.08097042560149935,0.45616149343550205,0.07665108982473612,0.0011366091187748186,0.0032281041494570673,0.2244127970188856,0.014384670537239477,0.0007741692825220525,0.006314718110319084,0.011398274659653552,1.9282635932427183e-08,0.05066680535674095,0.08048077672719955,True,0.42505502700805664,0.08412808179855347,True,2.697007914775895e-07,0.026648353397026436,0.01567644625902176,66.77640533447266,8
73737,True,,wrong_fisher_natural_gradient,1,0.04,True,True,12,0.44302447544451606,0.0819886103799373,0.4557805936783552,0.0769723046105355,0.0007720752969369181,0.0021794739750475856,0.22433277126401663,0.009715361526393166,0.00047521816713924636,0.0031828480381773812,0.0059214111518308184,1.7889888681565935e-08,0.035290077328681946,0.081768698990345,True,0.43221795558929443,0.08476989716291428,True,3.255400997659308e-07,0.021824414214190534,0.008226609323173761,67.01546478271484,8
73737,True,,wrong_fisher_natural_gradient,2,0.02,True,True,23,0.4427691244993504,0.08203238482338604,0.4555886620655656,0.07696458313148469,0.00045287107086163387,0.0012512993357631785,0.22478285897523165,0.005566702645689975,0.00025702740867927787,0.001657800761062862,0.003398604149881048,1.8156189440787784e-08,0.031433865427970886,0.0817723497748375,True,0.43221697211265564,0.08476540446281433,True,2.90452504714267e-07,0.018608325565857512,0.004021480679512024,67.20747375488281,8
73737,True,,wrong_fisher_natural_gradient,3,0.01,True,True,46,0.44311259488218285,0.0820515759214097,0.45577608491294086,0.07694568813894875,0.00022592898279177756,0.0006628918687283658,0.2246978422626853,0.0029501479055299754,0.00013951137776757605,0.0008194754371634983,0.0017210584962828216,1.896575518856025e-08,0.034259747713804245,0.0805371105670929,True,0.42553016543388367,0.08410616964101791,True,3.183233445724909e-07,0.013126603105662969,0.0013586397981271148,66.89934539794922,8
73738,True,,adam,0,0.08,True,True,6,0.43459262223672995,0.40482160184235355,0.4774717874825001,0.4709414392709732,0.0005710846054903551,0.002398473778157495,0.3931377902626991,0.006100847686392111,0.0004496536021179054,0.003314693505971309,0.011507542871077128,1.733470789133662e-08,0.03474871441721916,0.06964167952537537,True,0.3287230432033539,0.07479389011859894,True,2.9551117108894687e-07,0.010416248953743048,0.005089367274194956,193.2070770263672,8
73738,True,,adam,1,0.04,True,True,12,0.426255887732069,0.31890920851903576,0.4661442609503865,0.3630842329002917,0.0003485308617554076,0.0013847922709828708,0.3653061278164387,0.003790772082746748,0.0002588385596027365,0.0018588372243470018,0.004656249461887344,1.765203805348392e-08,0.030950332060456276,0.06973497569561005,True,0.33296018838882446,0.07483085989952087,True,2.8684499397968466e-07,0.006434872528155993,0.003645116346888244,188.92747497558594,8
73738,True,,adam,2,0.02,True,True,23,0.41310216978983455,0.2591380116961324,0.45475713536143303,0.3004272165708244,0.00029954185538326044,0.0011909618606296135,0.34686942026019096,0.003433458791888482,0.00020663123677877593,0.0013509710263838138,0.00461372751928178,1.8729606310330382e-08,0.028622755780816078,0.06818398833274841,True,0.33410993218421936,0.075172059237957,True,3.242456045882136e-07,0.007429784282762973,0.003004983067512512,192.30828857421875,8
73738,True,,adam,3,0.01,True,True,45,0.4060210393669658,0.23209993167085605,0.4481860133819282,0.2682178490795195,0.00016698922101703,0.0006059558540982835,0.34084893157705665,0.0017777842262688547,0.00010557834002611344,0.0007230836487864121,0.002045078010758354,1.91646449820837e-08,0.02824327163398266,0.0670708492398262,True,0.3330557644367218,0.07309316098690033,True,3.130275842977426e-07,0.008996471052263939,0.0012250461149960756,196.11886596679688,8
73738,True,,normalized_sgd,0,0.08,True,True,7,0.44334371802967304,0.053258530054034005,0.4843216664157808,0.06252115647657774,0.0005370856484471648,0.002018847124872991,0.183459211490117,0.011004337740663117,0.0003460220647752976,0.0017199864029830174,0.01794444732082957,1.7780324768068567e-08,0.038074150681495667,0.06805438548326492,True,0.3243798613548279,0.06861235201358795,True,3.33869763835537e-07,0.017250897530172653,0.009444613009691238,182.80361938476562,8
73738,True,,normalized_sgd,1,0.04,True,True,13,0.44312882450358954,0.05349443107821799,0.4841576551552862,0.06265599350444973,0.00030482732386356864,0.001185818894782642,0.18341360718477517,0.006465272195361276,0.00021461597742700178,0.0009034680429519388,0.008676751543119443,1.8227064302323015e-08,0.030623087659478188,0.06814635545015335,True,0.3244219422340393,0.06862346827983856,True,3.28822380879501e-07,0.012207382750497616,0.005015503615140915,184.26585388183594,8
73738,True,,normalized_sgd,2,0.02,True,True,25,0.44281633712843543,0.053395240851813845,0.48410736327059567,0.06272085278760642,0.00024752092621385934,0.0009408604701093282,0.18340686720330268,0.005129908625866249,0.00016408672195211693,0.00044903199866735104,0.004381871268041885,2.08371329080137e-08,0.0286290030926466,0.06814898550510406,True,0.32442304491996765,0.0686202198266983,True,3.2749838396739506e-07,0.018235457948431427,0.0043142870999872684,184.9995574951172,8
73738,True,,normalized_sgd,3,0.01,True,True,49,0.44268828111872643,0.053363981633859234,0.484055615728721,0.06276637097471394,0.00016312674231155297,0.0006176157637582946,0.18340218358207494,0.0033675485847304717,0.00010677204534204066,0.00022564451190327297,0.0021714334471804454,1.9416455998566562e-08,0.028570640832185745,0.06823033094406128,True,0.32477518916130066,0.06862624734640121,True,3.177813709953625e-07,0.016220125499005505,0.00236032553948462,185.24609375,8
73738,True,,normalized_momentum,0,0.08,True,True,7,0.44361435668531785,0.053185923837486625,0.4846344906836748,0.06237199151655659,0.0005350861025285691,0.0020093887778784847,0.18344629008788615,0.010953553636412157,0.0003446366669663803,0.0017650861396321107,0.017030398646116406,1.8511219224137676e-08,0.038074150681495667,0.06806401908397675,True,0.3243800401687622,0.06861327588558197,True,2.864387624867959e-07,0.017250897530172653,0.00940488837659359,182.80361938476562,8
73738,True,,normalized_momentum,1,0.04,True,True,13,0.44348962778944867,0.05329383269347703,0.4844731083139777,0.06242889669374563,0.0003040182595348059,0.0011803933282408252,0.18340902857016772,0.006435851808621494,0.00021350939556441517,0.0008977555538740294,0.008642953840724719,1.8619171981981708e-08,0.030623087659478188,0.06818486005067825,True,0.32440024614334106,0.06861373782157898,True,3.1226474561663053e-07,0.011908798286692033,0.004941890016198158,184.27349853515625,8
73738,True,,normalized_momentum,2,0.02,True,True,25,0.44312955567748086,0.05323596485705449,0.48436237243004143,0.06252941078855656,0.00024477782510009654,0.0009310483146691695,0.18339802394621074,0.005076654015324826,0.0001624279967700204,0.0004443399960035662,0.00435558054374057,1.79581185477673e-08,0.028670618310570717,0.06813497841358185,True,0.3243965208530426,0.06862995028495789,True,3.2878662636903755e-07,0.017846935847068122,0.004185500089079142,184.99952697753906,8
73738,True,,normalized_momentum,3,0.01,True,True,49,0.44289616866108383,0.05320979487810558,0.4842610864434391,0.06258335689199157,0.00016385740043638273,0.0006172480739223829,0.18338632304221392,0.0033658348326243382,0.00010585882498048704,0.00022415350791688416,0.002188598846223275,1.9220349756210453e-08,0.02852052077651024,0.06819097697734833,True,0.32478880882263184,0.0686359703540802,True,3.074314349760243e-07,0.01602388293225554,0.0022230148315429688,185.2442169189453,8
73738,True,,sign_gradient,0,0.08,True,True,6,0.41390426739838093,0.4167499505080174,0.4549747072160244,0.4812869541347027,0.0008166381001278795,0.003359072157763876,0.49865440279245377,0.0067362729356306595,0.000571764336200431,0.004561510678848726,0.014930413422122889,1.789153003528554e-08,0.034676581621170044,0.06492434442043304,True,0.3281681537628174,0.07619941234588623,True,3.0774995707361086e-07,0.009099736606968842,0.007152005098760128,189.4053955078125,8
73738,True,,sign_gradient,1,0.04,True,True,12,0.42554196162695546,0.4206717321484538,0.4681833293288946,0.4884584592655301,0.0004827948874074702,0.0018128798401448876,0.49686616100370884,0.0036486281063752204,0.0003289465103080147,0.0026983128147281673,0.008591783655856429,1.7172062882764294e-08,0.030986908823251724,0.06648218631744385,True,0.3351554870605469,0.07424016296863556,True,3.137666624297708e-07,0.00797713156616995,0.0038197538815438747,194.197509765625,8
73738,True,,sign_gradient,2,0.02,True,True,23,0.40981034186627713,0.4197163919918544,0.45386006915941834,0.4913360932841897,0.0003126215366806706,0.0011894454355569906,0.4969564191997051,0.0023934602504430158,0.0002153883774553833,0.0017573844926832669,0.004996300111911008,1.873053534495739e-08,0.03565143793821335,0.06456229090690613,True,0.3327263295650482,0.07426071166992188,True,3.0330730282912555e-07,0.004960433653790125,0.0021934029646217823,193.28395080566406,8
73738,True,,sign_gradient,3,0.01,True,True,46,0.4146907790415427,0.4234553197907843,0.45907066809013486,0.4938295306637883,0.00022702257918459393,0.0008667522824907792,0.4970335643738508,0.0017438506061108565,0.00015294703052859404,0.0006726099537594243,0.0022112766787841585,1.8767307707889813e-08,0.030250953510403633,0.06564884632825851,True,0.3312356173992157,0.07210180163383484,True,3.599106150886655e-07,0.006191760673993941,0.001145844580605626,191.48741149902344,8
73738,True,,natural_gradient,0,0.08,True,True,5,0.2926007280520428,0.5525052927422079,0.33354872604832053,0.6394609166309237,0.0018100048705867024,0.005614566383883357,0.8823203127831221,0.00636341054664514,0.0011381433400856622,0.0037930993269763365,0.016022809842317257,1.7185749712211873e-08,0.04467945173382759,0.06606005877256393,True,0.3468044698238373,0.09992418438196182,True,2.864079249320639e-07,0.007669143674270864,0.006679078564047813,195.29759216308594,8
73738,True,,natural_gradient,1,0.04,True,True,9,0.29388042229401606,0.5424311738399392,0.33416636288166046,0.6278807017952204,0.001125630314917662,0.003937228022550698,0.876631923019886,0.004491312624102766,0.0007627748527738731,0.0019097170958564673,0.011594765456227583,1.622120571198593e-08,0.03275454789400101,0.06651359051465988,True,0.34629571437835693,0.09928204119205475,True,3.099299306086323e-07,0.007391977870218085,0.004482578486204147,195.19581604003906,8
73738,True,,natural_gradient,2,0.02,True,True,17,0.29249840093042373,0.5510772415834514,0.33408099599182606,0.6434055594727397,0.000766187064001621,0.0028425851196516305,0.8824487514793873,0.003221246689834576,0.0005036517122789519,0.0015233913592973135,0.007429408381338866,1.8442689153630454e-08,0.03723019361495972,0.05913804471492767,True,0.3325648009777069,0.09741473942995071,True,3.4736021348180657e-07,0.007196411342489723,0.00276365177705884,193.0265655517578,8
73738,True,,natural_gradient,3,0.01,True,True,34,0.2911983542943362,0.541534578042523,0.33357548399362713,0.6397550941910595,0.00046526455131402694,0.0017750754896042054,0.8800558494403958,0.0020170032285256995,0.00030822073063063726,0.0009593703858345661,0.0029003763445750426,2.0113191112614004e-08,0.029786257073283195,0.06080871820449829,True,0.33364757895469666,0.0973791629076004,True,3.062737334857957e-07,0.005461832013332894,0.0020885153207927942,196.78909301757812,8
73738,True,,wrong_fisher_natural_gradient,0,0.08,True,True,7,0.46029039808021355,0.040217825442628405,0.49881185684353113,0.04710184643045068,0.0005699081391166806,0.0022991722835286055,0.21630171407014132,0.010629468626323694,0.00039948017547430936,0.00013417103301913543,0.0149051488772419,1.8271039792239208e-08,0.03761255368590355,0.06742476671934128,True,0.3250778019428253,0.0711757093667984,True,2.850962914635602e-07,0.014598637391202374,0.010037914849817753,182.80361938476562,8
73738,True,,wrong_fisher_natural_gradient,1,0.04,True,True,13,0.46012701398211914,0.04026616400063139,0.49858196545392275,0.04706963605713099,0.000383518372346303,0.0015354864117398392,0.21607997734099627,0.007106102243414645,0.000272106562533736,5.7287888494371496e-05,0.0072086923930195146,1.8931769929508846e-08,0.03062114119529724,0.06847730278968811,True,0.3288884162902832,0.071181520819664,True,3.1792544064046524e-07,0.014743124404018757,0.004894639365375042,182.80361938476562,8
73738,True,,wrong_fisher_natural_gradient,2,0.02,True,True,25,0.46002367032936253,0.040203418775176324,0.49864823184907436,0.04704373731510714,0.0002872942972030689,0.001067232500645332,0.21609733160585165,0.004938665798020584,0.00018382940697847516,1.525882518828399e-05,0.003890189786649177,1.8143637703360582e-08,0.02857689931988716,0.06886126101016998,True,0.32553064823150635,0.06988213211297989,True,3.368922421032039e-07,0.014610506400851644,0.0038906580302864313,182.8854217529297,8
73738,True,,wrong_fisher_natural_gradient,3,0.01,True,True,50,0.4600056299498579,0.04014071615959903,0.49860138073563576,0.04704288500943221,0.0001641883188950273,0.0006308215502031089,0.21601160569116473,0.0029203132312483463,0.00010856178064955202,1.035845924342157e-05,0.0019417718810111945,1.9172786025478672e-08,0.028572726994752884,0.06884653121232986,True,0.3288336396217346,0.0698862224817276,True,3.4390274095130735e-07,0.013822052230538555,0.0016798775177448988,183.08729553222656,8
73739,True,,adam,0,0.08,True,True,12,1.1056932926952796,0.584563883319831,0.9474844001233578,0.6375266276299953,0.0023601352877860924,0.00576695945346728,0.7572518847882748,0.007615642257634926,0.0012067732350260485,0.018723013667327253,0.0036276141766494532,1.7837196608638806e-08,0.05154077708721161,0.09687834233045578,True,0.48160097002983093,0.11449766904115677,True,2.9309094884411024e-07,0.018794263258019785,0.005262554623186588,396.7171630859375,8
73739,True,,adam,1,0.04,True,True,24,1.1125275159053254,0.5981681791247103,0.9475563336163759,0.6507863588631153,0.0015258057396639539,0.003665803509647958,0.7479514982551336,0.004901124629337284,0.0007285387550837186,0.00956004737718145,0.0019704169937660165,1.9603021428338252e-08,0.048939093947410583,0.09679759293794632,True,0.48131781816482544,0.11457038670778275,True,3.4833013273782854e-07,0.015090755425788005,0.0035580554977059364,396.7171630859375,8
73739,True,,adam,2,0.02,True,True,48,1.1052841643125033,0.6173298291683934,0.9402640037005767,0.6713833841058658,0.0008368542563604832,0.0021254047669572174,0.7631505100871436,0.0027850400921759443,0.0003920267336923189,0.004953879654852648,0.0010252510548393835,1.8795477174649022e-08,0.04786858707666397,0.09660621732473373,True,0.4811890423297882,0.11419908702373505,True,2.9811170065840997e-07,0.019168617269618545,0.002014347817748785,396.7171630859375,8
73739,True,,adam,3,0.01,True,True,94,1.102522349173583,0.6414472721657294,0.9343499299138784,0.6963241740595549,0.0004788826919879633,0.0012406690661919129,0.7797163599170744,0.0015911799854037465,0.0002540338216476812,0.002455295986466323,0.000427767649355927,1.8954231961743062e-08,0.0454324372112751,0.09646707773208618,True,0.48379194736480713,0.11394438147544861,True,3.002592450229713e-07,0.019547278690966563,0.0007600821845699102,396.9461669921875,8
73739,True,,normalized_sgd,0,0.08,True,True,18,1.8015806629871782,0.25769926768901524,1.3875721851363778,0.2717192405834794,0.00326979653350407,0.0072436894188285805,0.5498719401657581,0.013173411643163643,0.001400570876285201,0.014200088121176343,0.014442773727816305,1.7562843623863955e-08,0.04602181538939476,0.10219623893499374,True,0.4912128150463104,0.1276707500219345,True,3.233571703731286e-07,0.04037708596361747,0.010655469261109829,396.7171630859375,8
73739,True,,normalized_sgd,1,0.04,True,True,34,1.7028963749896815,0.24107200368052564,1.3268026253208518,0.2547336872667074,0.0017175028402526187,0.003901996635249816,0.5286040445789695,0.007381700301513465,0.0007387454893432732,0.007454064167224867,0.0076554593432466645,1.8600884388320083e-08,0.04550587013363838,0.10245416313409805,True,0.49112269282341003,0.12568476796150208,True,3.2077247169581824e-07,0.037332730756305756,0.006022198591381311,396.7171630859375,8
73739,True,,normalized_sgd,2,0.02,True,True,66,1.664305560254963,0.23368378074200355,1.3030150778358802,0.2471563973231241,0.0008456673316786164,0.0020587444892044005,0.5181767735630274,0.003973054359515767,0.0003630864955539437,0.0037431403714321626,0.003801724145128443,1.9332162537466502e-08,0.04531021788716316,0.10209160298109055,True,0.4920446574687958,0.12529058754444122,True,2.938154750609101e-07,0.032021285954162204,0.0030147444922477007,396.7171630859375,8
73739,True,,normalized_sgd,3,0.01,True,True,130,1.64504714283651,0.23096720850250435,1.2910300869843923,0.2444569831714034,0.0005198862080774732,0.0013174336564816258,0.5132119401823729,0.0025670362540931293,0.000246576167683088,0.0018889345877291833,0.0019155233786014374,1.981636721382074e-08,0.045229874551296234,0.10204890370368958,True,0.4921296536922455,0.12471841275691986,True,2.789227835364727e-07,0.020574893874337172,0.0015133698470890522,396.9918212890625,8
73739,True,,normalized_momentum,0,0.08,True,True,32,3.694588276572029,0.5417132510865786,2.5453086495399475,0.6097317254170775,0.005227582257178677,0.01116693999938434,1.1169419307261705,0.009997780271463393,0.0022006636590958806,0.006845519515459943,0.008284610616721247,1.822320250255416e-08,0.046071022748947144,0.1436932235956192,True,0.5498174428939819,0.1675139218568802,True,3.0931488481655833e-07,0.04059289668310854,0.009581097401678562,396.7171630859375,8
73739,True,,normalized_momentum,1,0.04,True,True,51,2.855829744395978,0.4770329826657312,2.0217720717191696,0.5214597624726593,0.0024806314484360293,0.005577023997830111,0.970685557462275,0.005745448621292439,0.00107398722502694,0.004387548678297003,0.004163372085861811,1.928635207093521e-08,0.04558049514889717,0.12495245784521103,True,0.5108077526092529,0.1534411460161209,True,2.849586167030793e-07,0.037734347701103836,0.005770611576735973,396.7171630859375,8
73739,True,,normalized_momentum,2,0.02,True,True,85,2.3251684399152714,0.39194642969935406,1.6982945566996932,0.4176083424827084,0.0011106322946173475,0.002748482124388829,0.8043593168258667,0.0034169830160416226,0.0005054380628735089,0.0028472002265041425,0.0025360805024388588,1.9035102383213598e-08,0.04532995447516441,0.11254172772169113,True,0.4989137351512909,0.14318662881851196,True,3.1784355769559625e-07,0.03203276754842714,0.003023985307663679,396.7171630859375,8
73739,True,,normalized_momentum,3,0.01,True,True,158,2.1162112333569683,0.326447028339096,1.5727993180043995,0.3449896414531395,0.0006585306422567203,0.001819417954493474,0.691351912682876,0.002631681378348979,0.0003243640887546917,0.0015755373097351732,0.0013596668398475195,1.918294856295688e-08,0.04525886848568916,0.10838492214679718,True,0.49599260091781616,0.13885514438152313,True,3.0219518976082327e-07,0.020848681531669657,0.0013523761881515384,396.9918212890625,8
73739,True,,sign_gradient,0,0.08,True,True,13,1.1599555735511964,0.9077766115689668,0.9900422655045986,0.9851135509088635,0.002866355949877023,0.006925156521901954,0.9839430153369904,0.007038168282062716,0.0014585537292077788,0.018314737570374034,0.0025781116802745304,1.923973336204199e-08,0.049521688371896744,0.09844993054866791,True,0.481767863035202,0.11329051107168198,True,3.083359274569375e-07,0.018795422612872592,0.005091015715152025,396.7171630859375,8
73739,True,,sign_gradient,1,0.04,True,True,25,1.1295926469063458,0.8882925467533788,0.9684601007029414,0.9719469076953828,0.0018326311770690427,0.004527301112830173,0.9673104304820299,0.004680298041006474,0.0008716943211766193,0.009470282399273666,0.0014376673823144521,1.938284199809459e-08,0.04723787307739258,0.09726394712924957,True,0.4819698929786682,0.11412752419710159,True,3.050959094252903e-07,0.015090367064426805,0.0032566378358751535,396.7171630859375,8
73739,True,,sign_gradient,2,0.02,True,True,49,1.1378473401762044,0.8857084140202247,0.974322582129389,0.9693223517388105,0.0009034263799225637,0.0023596407504555827,0.9668185459449887,0.002440624210563959,0.0004401955776529576,0.004700599015776029,0.0007127969966542493,1.8677980051506893e-08,0.04812450706958771,0.09683705121278763,True,0.48115941882133484,0.11423638463020325,True,3.046336587431142e-07,0.017453919617555304,0.0016992068849503994,396.7171630859375,8
73739,True,,sign_gradient,3,0.01,True,True,98,1.1378146886743132,0.8865022511097359,0.9746871192473918,0.9691092919092625,0.0006706749840892384,0.0017581466115643707,0.9680004869587719,0.0018162662470223032,0.0003461720818052072,0.0023058555588958865,0.0002777235893402057,1.9453311850270438e-08,0.04544030874967575,0.0969541072845459,True,0.4814148545265198,0.11419157683849335,True,3.0132383699310594e-07,0.018295369075184115,0.0009813506621867418,396.9465637207031,8
73739,True,,natural_gradient,0,0.08,True,True,11,1.0005275995870777,0.796917644341148,0.8737267889082432,0.8683542413637042,0.004907910812434744,0.010549760365393013,1.9719514921307564,0.005349908660275239,0.0022135457475087605,0.022682282339673617,0.00528964447077942,1.992936127237499e-08,0.047861114144325256,0.10362876206636429,True,0.46419858932495117,0.14269869029521942,True,2.8053815981365915e-07,0.009379320464598084,0.004229164682328701,396.7171630859375,8
73739,True,,natural_gradient,1,0.04,True,True,22,0.993766339296574,0.726434037391091,0.8659513089805841,0.7936659497208893,0.0026141530010940885,0.0061211381398607045,1.828113928437233,0.0033483351582433226,0.0012294193238631124,0.010567736322954232,0.002800373567704389,1.9125620198678916e-08,0.04764634743332863,0.10059753805398941,True,0.46579521894454956,0.13810724020004272,True,3.04942489037785e-07,0.007477855327011584,0.0026704889023676515,396.7171630859375,8
73739,True,,natural_gradient,2,0.02,True,True,44,0.9971801517582667,0.7332634682621432,0.8661507805809379,0.800103921443224,0.0014062381542348803,0.0034362762789896806,1.8423374285921454,0.001865172050277224,0.0006699371790546138,0.005438626930818766,0.0020453367790338106,1.8373551569084157e-08,0.04643199220299721,0.10367023944854736,True,0.46746155619621277,0.14065732061862946,True,3.0901051673026814e-07,0.005818139567466998,0.0015240745269693434,396.7171630859375,8
73739,True,,natural_gradient,3,0.01,True,True,87,0.9964175798307383,0.7131671126716691,0.8658856996335089,0.7775403501000255,0.0008743450505019875,0.002186113973493775,1.8075638748705387,0.001209425572111718,0.0004138715311796659,0.002727067244417651,0.0009253677889613347,1.944178329438273e-08,0.04532600939273834,0.10061177611351013,True,0.468230277299881,0.13817168772220612,True,3.4567389661788184e-07,0.005659710928420266,0.0007229760522022843,396.7171630859375,8
73739,True,,wrong_fisher_natural_gradient,0,0.08,True,True,13,1.22503118729419,0.13816036499895493,1.0107684340327978,0.14849067060276866,0.0028810839788864255,0.006451196546549909,0.5519016943871975,0.011689031963768434,0.0012605488918779884,0.016685339817247687,0.01700001356867457,1.817317496488613e-08,0.048981718719005585,0.09759115427732468,True,0.45560187101364136,0.11314843595027924,True,2.9412774438242195e-07,0.0341261132359077,0.009405800141394138,396.7171630859375,8
73739,True,,wrong_fisher_natural_gradient,1,0.04,True,True,26,1.223088516538861,0.13815290156468085,1.0117976111359894,0.1485700480407104,0.0015432786975190529,0.003552566528924217,0.5489395782351494,0.006471689544313387,0.0006681457474542185,0.008440566801976974,0.00891045602685475,1.865980436832615e-08,0.04921368509531021,0.09771709144115448,True,0.45558762550354004,0.11315292865037918,True,3.065000839796994e-07,0.03180668451863655,0.004631806164979935,396.7171630859375,8
73739,True,,wrong_fisher_natural_gradient,2,0.02,True,True,51,1.2218251859444709,0.1378207973136366,1.0111399721354246,0.14837216131854802,0.0008011075337879984,0.002068461787985143,0.5507175992242992,0.003755939143580354,0.0003549701450538123,0.0042396018781071096,0.004442014179867554,1.875861066480411e-08,0.04763633385300636,0.09774458408355713,True,0.4556664824485779,0.1131894513964653,True,3.1570036185257777e-07,0.03016773594907161,0.0024868110194802284,396.7171630859375,8
73739,True,,wrong_fisher_natural_gradient,3,0.01,True,True,102,1.221981998206202,0.13783092596191784,1.0111203295527957,0.1483608413109323,0.0004853359777638689,0.0013290855703189663,0.5508449636399746,0.0024128124210057045,0.00023352156208034103,0.0021259165501197933,0.002265991607408131,1.899262436211302e-08,0.04528915882110596,0.09776412695646286,True,0.45560795068740845,0.1132034882903099,True,3.191084942955058e-07,0.02671584018551256,0.0013468964025378227,396.7171630859375,8
73740,True,,adam,0,0.08,True,True,7,0.5660085127745733,0.31525916451908026,0.5301314927637577,0.2506671426817775,0.0007847813467133356,0.002392334266914986,0.3662051297724247,0.006532771041196729,0.0005030752836319152,0.019729088986233042,0.03043922807839392,1.8222960918024e-08,0.0463985875248909,0.06648667901754379,True,0.2682288885116577,0.06730445474386215,True,3.337895577715244e-07,0.01244755383537656,0.005305896978825331,284.11029052734375,8
73740,True,,adam,1,0.04,True,True,14,0.5577462996866671,0.3058771897869653,0.5238698915345594,0.23834630759665743,0.0005410913882454135,0.0016618507083876466,0.36661539622582495,0.0045329539498226434,0.0003271912736693139,0.009747869494385655,0.012452412271432784,2.0650695375934447e-08,0.045947909355163574,0.06736724078655243,True,0.2702982723712921,0.0688006579875946,True,3.656869296264631e-07,0.008251624206489474,0.00312046124599874,284.11029052734375,8
73740,True,,adam,2,0.02,True,True,26,0.5470456866008915,0.25132030356647606,0.5186500819399953,0.19892531400546432,0.0002872114482168175,0.0009762580698406964,0.3606143118813634,0.002707208332213588,0.0001811938814171299,0.004971528942467891,0.00756446425966936,2.1920756765325677e-08,0.045641932636499405,0.06754232943058014,True,0.2712264358997345,0.06953143328428268,True,3.3451865988354257e-07,0.007637008462895372,0.0020772982388734818,284.11029052734375,8
73740,True,,adam,3,0.01,True,True,52,0.5436092834220813,0.2442721240913036,0.5174601771868765,0.19099435035604984,0.00019719078117917462,0.0006301478267687344,0.36752708815038204,0.0017145615849433527,0.0001208117768669581,0.002435842649340797,0.003157916368981099,2.026289003254078e-08,0.04583227261900902,0.06731409579515457,True,0.27131831645965576,0.06989622861146927,True,3.3315347991447197e-07,0.012304199661335499,0.0010724065359681845,284.11029052734375,8
73740,True,,normalized_sgd,0,0.08,True,True,7,0.5509986370216867,0.09665450480705583,0.5260158460587263,0.0725500367116183,0.0007237046567120396,0.0020732231641886756,0.20166045427322388,0.010280762143775228,0.00043848972927662544,0.01641159515517895,0.03624903069726152,1.8141966151574707e-08,0.047309767454862595,0.06595704704523087,True,0.2620328366756439,0.06344249844551086,True,3.4021599049083306e-07,0.02484981739648036,0.007709779776632786,284.11029052734375,8
73740,True,,normalized_sgd,1,0.04,True,True,14,0.5504202087212863,0.0967719478496128,0.5259586658794433,0.07238420861540362,0.0005851477782356766,0.0017156202829937683,0.20165097387507558,0.008507870058969361,0.00032582606922915147,0.00804985911099668,0.018055115111589626,1.939019078633919e-08,0.046127934008836746,0.06599591672420502,True,0.2620692253112793,0.06343347579240799,True,3.317141761272069e-07,0.04228686123935093,0.004775109700858593,284.11029052734375,8
73740,True,,normalized_sgd,2,0.02,True,True,27,0.550108398689544,0.09680656792059246,0.5259065749123693,0.07237159277428873,0.00036654852758691764,0.0011653088604361983,0.20163411740213633,0.005779323833932936,0.0002167994159663067,0.004059337363707736,0.008977509431670186,2.142401811511263e-08,0.04563148692250252,0.06602302938699722,True,0.2620965838432312,0.06342696398496628,True,3.242301715999929e-07,0.04062740984670815,0.003662304487079382,284.11029052734375,8
73740,True,,normalized_sgd,3,0.01,True,True,53,0.5502328002777725,0.09672070046309784,0.525903225177899,0.07229950133478269,0.0002004505153638864,0.0006802724406043126,0.20163240563124418,0.003373824948795335,0.00012437704543799555,0.0020636935628950614,0.004402742514875629,2.2331638760419992e-08,0.04560534283518791,0.06597061455249786,True,0.2620866894721985,0.063432477414608,True,3.3753738648556464e-07,0.03784528801463479,0.001797184464521706,284.11029052734375,8
73740,True,,normalized_momentum,0,0.08,True,True,7,0.5509814826952161,0.09635519375300373,0.5260082110762596,0.07232804363593459,0.0007213547089910902,0.0020738375751534477,0.2016289122402668,0.010285417662136684,0.00043832516894326545,0.01635839140523887,0.03625750514337814,1.782614056367038e-08,0.047309767454862595,0.06600043922662735,True,0.26208093762397766,0.06344349682331085,True,3.049154031486978e-07,0.02484981739648036,0.007760083302855492,284.11029052734375,8
73740,True,,normalized_momentum,1,0.04,True,True,14,0.5504451247048553,0.09664777439047739,0.5259956161025912,0.07227873682859354,0.0005830664810896441,0.001709415351797361,0.20162672433070838,0.008478118947137066,0.00032471450572302274,0.00802905442747523,0.01806143273381932,1.915830694088072e-08,0.04611242190003395,0.0660085678100586,True,0.26207152009010315,0.06341894716024399,True,3.514110176183749e-07,0.04228747845143289,0.004449156811460853,284.11029052734375,8
73740,True,,normalized_momentum,2,0.02,True,True,27,0.5501776035700693,0.09652492166781428,0.5259455649647862,0.07217046231380664,0.00036311304404826203,0.0011577657351153903,0.20161404367536306,0.005742485563057369,0.00021549370421780623,0.004051449443159955,0.00900403416909179,2.020249922907169e-08,0.045664139091968536,0.06601851433515549,True,0.26210901141166687,0.06343097239732742,True,3.2940425853666966e-07,0.04065077339921603,0.0036880429834127426,284.11029052734375,8
73740,True,,normalized_momentum,3,0.01,True,True,53,0.5502451479305127,0.09654054701013202,0.5259125777520239,0.07217093650251627,0.00020033399443522928,0.0006813186621457135,0.20160491322167218,0.0033794744942380345,0.0001249061559178699,0.002056543691491891,0.004422927337358727,2.1318427911865e-08,0.04562756046652794,0.06600315123796463,True,0.2620678246021271,0.06342194974422455,True,3.4211109323223354e-07,0.03760961817863543,0.0019986797124147415,284.11029052734375,8
73740,True,,sign_gradient,0,0.08,True,True,7,0.582478710700488,0.7127015474457745,0.5418872591108084,0.5510125756263733,0.001103830262852667,0.003075237706070766,0.5533291697502136,0.005557700324128952,0.0006822339637437835,0.020557470253644933,0.025561716631710186,1.921982750729967e-08,0.046410154551267624,0.06727331876754761,True,0.27014845609664917,0.06948203593492508,True,3.285385901108384e-07,0.012447766433458615,0.005437604617327452,284.11029052734375,8
73740,True,,sign_gradient,1,0.04,True,True,14,0.5665662350987958,0.6934567199632096,0.5362773044034839,0.5455894358456135,0.0005461748973659472,0.001783605699074542,0.5519668310880661,0.0032313639128615833,0.0003742735083278603,0.010228675430110901,0.013951899337227446,1.9790265426422593e-08,0.045905064791440964,0.06718725711107254,True,0.27157062292099,0.06991896778345108,True,3.094577891715744e-07,0.00789722768668113,0.002358341938816011,284.11029052734375,8
73740,True,,sign_gradient,2,0.02,True,True,27,0.5647879407236771,0.7025580052551313,0.5381465777754784,0.5532972700893879,0.0003863807720510981,0.0012423979865161527,0.5514520443975925,0.0022529574405211446,0.00023108563391360804,0.004606042730685603,0.005996993580529266,2.1680328643469693e-08,0.045622337609529495,0.06728395074605942,True,0.27114567160606384,0.06999348849058151,True,3.3979952718254935e-07,0.007641969420943133,0.0015753991901874542,284.11029052734375,8
73740,True,,sign_gradient,3,0.01,True,True,54,0.5633683772163861,0.6986335715796113,0.5392366196028888,0.5503161503002048,0.0002352159272581091,0.0008293368227896281,0.5526539785787463,0.001500643901854147,0.0001531451980554266,0.0022801156328816504,0.0034110458352393813,2.0470091399715784e-08,0.045416686683893204,0.06747429072856903,True,0.2712540030479431,0.06987803429365158,True,3.5431099831839674e-07,0.013215008999675707,0.0008098387625068426,284.11029052734375,8
73740,True,,natural_gradient,0,0.08,True,True,7,0.43303127877860814,0.6449928147470811,0.480046304728603,0.5521674659103155,0.0013630760130800715,0.004628840942359602,0.8898434145376086,0.005201860087670478,0.0010942968506242323,0.0031760162361890863,0.04859450951579156,1.8311983041030544e-08,0.04802155867218971,0.07713355869054794,True,0.30123645067214966,0.09251300245523453,True,3.0945997764320055e-07,0.009608234924383783,0.0035664287861436605,284.11029052734375,8
73740,True,,natural_gradient,1,0.04,True,True,12,0.4318788963101295,0.717036420722343,0.47907360829412937,0.6098762592300773,0.0008407147360189823,0.0032507361902389675,0.9539214968681335,0.003407760702438952,0.0006136163065093569,0.0016944055597944777,0.017972401701438948,1.9599271539050278e-08,0.04654742032289505,0.07802873849868774,True,0.3053916096687317,0.09496419876813889,True,3.2222695267591916e-07,0.00709903533443412,0.003124139504507184,284.11029052734375,8
73740,True,,natural_gradient,2,0.02,True,True,24,0.4324930464011922,0.6523343761195362,0.4781056707724929,0.5683684381656349,0.0005503257838842199,0.0020724971254821867,0.9293569196015596,0.0022300335659745474,0.00038307816294036456,0.0008154363013865054,0.009939446271998434,1.96964755616591e-08,0.046125348657369614,0.07794918119907379,True,0.30482375621795654,0.09422385692596436,True,3.256675995544356e-07,0.006473373441279177,0.0014634352992288768,284.11029052734375,8
73740,True,,natural_gradient,3,0.01,True,True,48,0.43316440816755364,0.6605646929568749,0.4783185161650181,0.5737152069341391,0.00041780960592205423,0.0016024876069877791,0.9425958981737494,0.0017000791220209525,0.0002921654927376949,0.00040204492943782553,0.004495969425280561,1.9796953409922935e-08,0.04609948769211769,0.07795605808496475,True,0.305029034614563,0.09460500627756119,True,3.5299686373946315e-07,0.010220358639648226,0.0011383395176380873,286.50799560546875,8
73740,True,,wrong_fisher_natural_gradient,0,0.08,True,True,7,0.5526011692727645,0.0819658810480241,0.5316970739513636,0.060234836768358946,0.000723189878329932,0.002285265800310299,0.23602728731930256,0.009682210164194889,0.0004653993637475651,0.013214272805741148,0.034769202228092225,1.824546913553604e-08,0.04736015573143959,0.06823820620775223,True,0.29238101840019226,0.06858361512422562,True,3.243461037527595e-07,0.01803775758745831,0.009946178644895554,284.11029052734375,8
73740,True,,wrong_fisher_natural_gradient,1,0.04,True,True,14,0.5520735163008003,0.08199486016077713,0.5315392650663853,0.06023927783826366,0.0005463027492034907,0.0017270356584049296,0.23672220949083567,0.007295621573149389,0.00032838374977472995,0.006734384267590107,0.016944567158136706,1.946044214662379e-08,0.04661782085895538,0.06814022362232208,True,0.2911113202571869,0.06848481297492981,True,3.2821694162521453e-07,0.02914742836982523,0.004897747887298465,284.11029052734375,8
73740,True,,wrong_fisher_natural_gradient,2,0.02,True,True,27,0.5516225645216564,0.08183266579586762,0.531416414771229,0.06018894218141213,0.0003152283041735393,0.0009808857976167928,0.23641043668612838,0.004149079927968964,0.00019603780492616352,0.0033443760222052464,0.008300041885641976,2.024317247162344e-08,0.04686656966805458,0.06813322752714157,True,0.2896438539028168,0.06847275048494339,True,3.7492768001357035e-07,0.024040858172322488,0.0030026829335838556,284.11029052734375,8
73740,True,,wrong_fisher_natural_gradient,3,0.01,True,True,54,0.5517033744474881,0.08182424860221112,0.5314053535694256,0.06019980544078862,0.00018182632873709137,0.0005928082500759047,0.23645846283761784,0.0025070291118444825,0.00011707069106137169,0.001635813367439014,0.00401488305035959,2.086660444433619e-08,0.04595958814024925,0.06819097697734833,True,0.2896762192249298,0.06847275048494339,True,3.365919667430717e-07,0.013612671347645735,0.001505548192653805,284.11029052734375,8
73741,True,,adam,0,0.08,True,True,11,0.7521702052193882,0.3367049550857464,0.8302803803235292,0.39106397051364183,0.0016378904941824765,0.006320151464024093,0.5652561970055103,0.011181038788262028,0.0008824498818285065,0.0002451231462862646,0.004784894209331179,2.1242085423978097e-08,0.05676178261637688,0.1135924905538559,True,0.5599813461303711,0.12659882009029388,True,2.792038742427394e-07,0.017822666065871077,0.010531981475651264,251.48056030273438,8
73741,True,,adam,1,0.04,True,True,21,0.7392246924941629,0.28120423278208606,0.809607055503875,0.32145195663906634,0.0010335460456316699,0.004216702895064373,0.5283915405161679,0.007980261930282263,0.0006352578275254928,6.698578253526723e-05,0.0028097894651199344,2.1155539542405677e-08,0.042992863804101944,0.11415796726942062,True,0.7365753054618835,0.13278450071811676,True,3.081167108121008e-07,0.02486839494628649,0.006218794733285904,249.52195739746094,8
73741,True,,adam,2,0.02,True,True,41,0.7348655233250604,0.22203554484196475,0.8020802038954571,0.2533661453053355,0.0005943455331074264,0.0026814512593773543,0.5111264515435323,0.005246160223717118,0.0003664101790263885,2.175640776809473e-05,0.0012562303949224993,2.2078689099203075e-08,0.039807286113500595,0.11410457640886307,True,0.7358978986740112,0.13273948431015015,True,3.43631114674281e-07,0.016399060509924922,0.004591131582856178,251.2288818359375,8
73741,True,,adam,3,0.01,True,True,80,0.731502144141342,0.19870137256945533,0.7970383474603295,0.2274531377479434,0.0003922806517953212,0.0016975155879208614,0.5110663487575948,0.0033215170438193227,0.0002524357708466596,7.860035884161671e-06,0.0005482999141613472,2.2117053077863602e-08,0.04041964188218117,0.11577855795621872,True,0.7465964555740356,0.13327723741531372,True,3.4936888937409094e-07,0.015394657729434569,0.0024067717604339123,252.14102172851562,8
73741,True,,normalized_sgd,0,0.08,True,True,11,0.7581256948449981,0.0796186374740459,0.8276601890102029,0.0931500211590901,0.0012811741092906015,0.004750125124701299,0.31527940928936005,0.015066398200276013,0.0007055451642372645,0.0019855272783719014,0.0047717285531449155,1.886837708298117e-08,0.05690972879528999,0.10261663049459457,True,0.4787304401397705,0.11788394302129745,True,2.9948134283586114e-07,0.024444631469851742,0.01641027256846428,249.52195739746094,8
73741,True,,normalized_sgd,1,0.04,True,True,21,0.7586991681065424,0.07893172776979401,0.8275542370975018,0.09213974012527615,0.0008360203094114714,0.0034153669002989773,0.3152093384414911,0.010835233870880175,0.0005020236976633896,0.0009977251029756249,0.0023941423879252533,2.166286705573839e-08,0.04371761158108711,0.10258229076862335,True,0.47964587807655334,0.11815544962882996,True,3.339793863688101e-07,0.022851207913431492,0.010359669104218483,249.52195739746094,8
73741,True,,normalized_sgd,2,0.02,True,True,42,0.7587913858824767,0.07886843730842198,0.8276753760874271,0.09218282540678047,0.0005192981366231627,0.0021348034679249395,0.31517060892656446,0.006773485240885371,0.0003146560959521594,0.00048802274585452626,0.0011803861720289985,2.029050172325242e-08,0.04235153645277023,0.10313493013381958,True,0.47875842452049255,0.11788906902074814,True,3.4663352721509e-07,0.013235684413355018,0.006682215025648475,249.52195739746094,8
73741,True,,normalized_sgd,3,0.01,True,True,83,0.7588337936817352,0.07882302504890494,0.8275944492779672,0.09208982542622834,0.00032771501182244316,0.0013752308348102815,0.31515029398724437,0.004363730134632029,0.00020243566063982144,0.0002530242820486534,0.0005334918783535501,2.2075818506550604e-08,0.041911423206329346,0.10313956439495087,True,0.47878777980804443,0.11789446324110031,True,3.3026267942659615e-07,0.012621284166445722,0.003455039346590638,250.50314331054688,8
73741,True,,normalized_momentum,0,0.08,True,True,11,0.758797724196569,0.07957428862755482,0.8285905970260501,0.09300676558632404,0.0012718299983463317,0.00471112817467656,0.31532743759453297,0.014940432112775459,0.0007028712516330415,0.002003216786492433,0.004813970812995306,2.1854424048228793e-08,0.05690972879528999,0.10227800905704498,True,0.4804704487323761,0.11867813020944595,True,3.020575150003424e-07,0.024127370665377346,0.016398506239056587,249.52195739746094,8
73741,True,,normalized_momentum,1,0.04,True,True,21,0.7594433279090628,0.07901913827545493,0.8282882021740079,0.09221131878439337,0.0008483567782058625,0.0034572892982396297,0.3151692608371377,0.010969627206208312,0.0005004544564144453,0.000995696370307953,0.0023723036616340063,1.9718019217407345e-08,0.04406536743044853,0.10232645273208618,True,0.48045986890792847,0.11870437860488892,True,3.2861436238817987e-07,0.022348312581923473,0.010433251038193703,249.52195739746094,8
73741,True,,normalized_momentum,2,0.02,True,True,42,0.7592822574117866,0.0785326966955952,0.8281674585305154,0.09180178956012242,0.0005006269560162598,0.0020382973107189173,0.31508207763545215,0.006469099499455547,0.000306254820770846,0.0004913783661889611,0.0011425298081634426,2.1222586354952e-08,0.04240500181913376,0.10307933390140533,True,0.48046013712882996,0.11868830770254135,True,3.142659465993347e-07,0.013832277294932003,0.005965533433482051,249.52195739746094,8
73741,True,,normalized_momentum,3,0.01,True,True,83,0.7591243612374108,0.07834465292251826,0.8279087259434164,0.09154367443989031,0.0003229520775871905,0.0014069129217659793,0.3149918143171817,0.004466506295777214,0.00020130542742435864,0.00025129312458000547,0.0005383729798457894,2.2860495718646234e-08,0.04188011959195137,0.10312683135271072,True,0.48047858476638794,0.11867383867502213,True,3.766184306641662e-07,0.018154379122788618,0.003275393508374691,250.50314331054688,8
73741,True,,sign_gradient,0,0.08,True,True,11,0.7694144466048234,0.6946142046871129,0.8431415986269712,0.8069700840860605,0.0017320359996551484,0.0071202363760676235,0.817194651812315,0.008713023708949734,0.0010460175981279463,0.0008803208359780529,0.005218977092130668,1.9620488345140075e-08,0.05036343261599541,0.11562056094408035,True,0.7461541891098022,0.1350022405385971,True,3.520879090501694e-07,0.016985266052899694,0.006705127190798521,251.48004150390625,8
73741,True,,sign_gradient,1,0.04,True,True,21,0.7684383480765762,0.6900034746532954,0.8347188327461481,0.7993684448301792,0.0009595428281716959,0.004188371036434546,0.8130795285105705,0.005151243992216802,0.000629288112577342,0.00022025550868638144,0.0019553816240364947,1.983529784865823e-08,0.045660220086574554,0.11528734862804413,True,0.7370414733886719,0.1315392553806305,True,3.2388189197263273e-07,0.01193000372971929,0.004814627580344677,249.52195739746094,8
73741,True,,sign_gradient,2,0.02,True,True,42,0.7674873657756129,0.6926346973658891,0.8346058670431376,0.7998225959017873,0.0006564803096585288,0.0030022850987734273,0.8098474107682705,0.0037072231865571776,0.00041830505688267294,9.731345349841984e-05,0.000826216239807531,2.18538112051192e-08,0.04483930394053459,0.11575481295585632,True,0.7456540465354919,0.1329873502254486,True,3.2918327974584827e-07,0.011497060726194119,0.0032794998260214925,251.22836303710938,8
73741,True,,sign_gradient,3,0.01,True,True,84,0.7666121183449128,0.6948285779499683,0.8333716391352937,0.801197312423028,0.00039350403828458094,0.0018143212651011709,0.810547695029527,0.0022383892721267664,0.00026165067401962006,9.524208363883958e-05,0.0004763737350403305,2.2491782658562443e-08,0.04134713485836983,0.11496460437774658,True,0.7353967428207397,0.13131964206695557,True,3.1080412554729264e-07,0.011081048164242139,0.0017931953188963234,253.27235412597656,8
73741,True,,natural_gradient,0,0.08,True,True,9,0.576845789083666,2.1771924126793207,0.6537372190505266,2.446465268265456,0.003774302188523745,0.011789776326622814,1.627231927588582,0.007245295600913049,0.0020660725413108594,0.0023351387205815506,0.003952728666051577,1.8967750037290898e-08,0.04276621714234352,0.11036109924316406,True,0.5635636448860168,0.15644192695617676,True,3.824735301805049e-07,0.014257149631897694,0.005829673260450363,266.1299133300781,8
73741,True,,natural_gradient,1,0.04,True,True,17,0.5830933938371943,2.3571672837410675,0.6552182543091476,2.629337552934885,0.0020531216383572293,0.0073540410412533674,1.6172669120132923,0.004547203053884605,0.0012781397254002513,0.0006162043030123491,8.191983358501299e-05,2.186044589791436e-08,0.04190431162714958,0.11392591893672943,True,0.5652735829353333,0.15815569460391998,True,3.4182289709860925e-07,0.00747388744055096,0.00441431999206543,255.95535278320312,8
73741,True,,natural_gradient,2,0.02,True,True,33,0.5857412565282226,2.2851808612572153,0.6569618172943592,2.556587095372379,0.0013139245962012754,0.004812730774574447,1.6000329479575157,0.0030078947941153495,0.0008399992602790007,0.00042820806988833266,0.0006738256978478343,2.2825272338877767e-08,0.037289395928382874,0.11155074089765549,True,0.5605300664901733,0.15698719024658203,True,3.624488726927666e-07,0.008159397588920056,0.0026666198391467333,258.32635498046875,8
73741,True,,natural_gradient,3,0.01,True,True,66,0.5854018033970299,2.262163190488128,0.6567846792750061,2.5351142194122076,0.0008252386327753006,0.003188659888564871,1.5879868613556027,0.002007988835526533,0.0005094878572435846,0.00018634873958062564,0.0005543410622539597,2.3807388060959056e-08,0.027156472206115723,0.11197079718112946,True,0.5603694319725037,0.1563628762960434,True,3.637045153936924e-07,0.009074701215860894,0.001714034762699157,266.2428894042969,8
73741,True,,wrong_fisher_natural_gradient,0,0.08,True,True,11,0.7467661426530876,0.0542524203954745,0.8182213371619582,0.06333237531362101,0.0012798388237898494,0.005279866643832065,0.3381421258673072,0.015614341544371718,0.0007213317639980232,0.0016139432076410672,0.0019365630966959866,2.1291702623216224e-08,0.05846152827143669,0.09852690994739532,True,0.4749429225921631,0.11777225136756897,True,3.3516738540129154e-07,0.026061846313985258,0.014987011440098286,249.52195739746094,8
73741,True,,wrong_fisher_natural_gradient,1,0.04,True,True,21,0.747643496173505,0.054186418989762855,0.8184604207053781,0.06334718764992431,0.0008247057796406805,0.0036649185567512177,0.3381596188992262,0.010837836193100832,0.0005120280593473581,0.0008230501798015051,0.0012062088418300404,2.375042029711949e-08,0.0436534583568573,0.0987345352768898,True,0.47495585680007935,0.11780274659395218,True,2.9898262710048584e-07,0.027457460146836463,0.009361901320517063,249.52195739746094,8
73741,True,,wrong_fisher_natural_gradient,2,0.02,True,True,41,0.7470952303688576,0.05407700022018029,0.8184759942814708,0.06330099527258426,0.0005360281028583229,0.002262618694203411,0.3381440476514399,0.006691286479588505,0.00032075369347239757,0.0004501705734156654,0.0006865164596978624,2.300211221495374e-08,0.043258313089609146,0.09878228604793549,True,0.4749542474746704,0.11780059337615967,True,3.002975859089929e-07,0.017499036451101527,0.005899988580495119,249.52195739746094,8
73741,True,,wrong_fisher_natural_gradient,3,0.01,True,True,82,0.7473938421793419,0.05405873195132921,0.8184651178307831,0.06328311550896615,0.0003314324694019603,0.0014648541307451524,0.3380082049407065,0.004333782758327176,0.00020571917917777682,0.00022245760111195396,0.00034735887807301954,2.250949826532178e-08,0.042711809277534485,0.09927062690258026,True,0.47495049238204956,0.11779087036848068,True,3.5632803019325365e-07,0.030893458309031546,0.0033017778769135475,250.89785766601562,8
